cycle,branch,expression,forecastdate,seatprob_Dparty,seatprob_Rparty,seatsheld,simulations,timestamp
,House,_lite,9/23/22,,,99,40000,15:23:21 23 Sep 2022
,House,_lite,9/23/22,,,98,40000,15:23:21 23 Sep 2022
,House,_lite,9/23/22,,,97,40000,15:23:21 23 Sep 2022
,House,_lite,9/23/22,,,96,40000,15:23:21 23 Sep 2022
,House,_lite,9/23/22,,,95,40000,15:23:21 23 Sep 2022
,House,_lite,9/23/22,,,94,40000,15:23:21 23 Sep 2022
,House,_lite,9/23/22,,,93,40000,15:23:21 23 Sep 2022
,House,_lite,9/23/22,,,92,40000,15:23:21 23 Sep 2022
,House,_lite,9/23/22,,,91,40000,15:23:21 23 Sep 2022
,House,_lite,9/23/22,,,90,40000,15:23:21 23 Sep 2022
,House,_lite,9/23/22,,,9,40000,15:23:21 23 Sep 2022
,House,_lite,9/23/22,,,89,40000,15:23:21 23 Sep 2022
,House,_lite,9/23/22,,,88,40000,15:23:21 23 Sep 2022
,House,_lite,9/23/22,,,87,40000,15:23:21 23 Sep 2022
,House,_lite,9/23/22,,,86,40000,15:23:21 23 Sep 2022
,House,_lite,9/23/22,,,85,40000,15:23:21 23 Sep 2022
,House,_lite,9/23/22,,,84,40000,15:23:21 23 Sep 2022
,House,_lite,9/23/22,,,83,40000,15:23:21 23 Sep 2022
,House,_lite,9/23/22,,,82,40000,15:23:21 23 Sep 2022
,House,_lite,9/23/22,,,81,40000,15:23:21 23 Sep 2022
,House,_lite,9/23/22,,,80,40000,15:23:21 23 Sep 2022
,House,_lite,9/23/22,,,8,40000,15:23:21 23 Sep 2022
,House,_lite,9/23/22,,,79,40000,15:23:21 23 Sep 2022
,House,_lite,9/23/22,,,78,40000,15:23:21 23 Sep 2022
,House,_lite,9/23/22,,,77,40000,15:23:21 23 Sep 2022
,House,_lite,9/23/22,,,76,40000,15:23:21 23 Sep 2022
,House,_lite,9/23/22,,,75,40000,15:23:21 23 Sep 2022
,House,_lite,9/23/22,,,74,40000,15:23:21 23 Sep 2022
,House,_lite,9/23/22,,,73,40000,15:23:21 23 Sep 2022
,House,_lite,9/23/22,,,72,40000,15:23:21 23 Sep 2022
,House,_lite,9/23/22,,,71,40000,15:23:21 23 Sep 2022
,House,_lite,9/23/22,,,70,40000,15:23:21 23 Sep 2022
,House,_lite,9/23/22,,,7,40000,15:23:21 23 Sep 2022
,House,_lite,9/23/22,,,69,40000,15:23:21 23 Sep 2022
,House,_lite,9/23/22,,,68,40000,15:23:21 23 Sep 2022
,House,_lite,9/23/22,,,67,40000,15:23:21 23 Sep 2022
,House,_lite,9/23/22,,,66,40000,15:23:21 23 Sep 2022
,House,_lite,9/23/22,,,65,40000,15:23:21 23 Sep 2022
,House,_lite,9/23/22,,,64,40000,15:23:21 23 Sep 2022
,House,_lite,9/23/22,,,63,40000,15:23:21 23 Sep 2022
,House,_lite,9/23/22,,,62,40000,15:23:21 23 Sep 2022
,House,_lite,9/23/22,,,61,40000,15:23:21 23 Sep 2022
,House,_lite,9/23/22,,,60,40000,15:23:21 23 Sep 2022
,House,_lite,9/23/22,,,6,40000,15:23:21 23 Sep 2022
,House,_lite,9/23/22,,,59,40000,15:23:21 23 Sep 2022
,House,_lite,9/23/22,,,58,40000,15:23:21 23 Sep 2022
,House,_lite,9/23/22,,,57,40000,15:23:21 23 Sep 2022
,House,_lite,9/23/22,,,56,40000,15:23:21 23 Sep 2022
,House,_lite,9/23/22,,,55,40000,15:23:21 23 Sep 2022
,House,_lite,9/23/22,,,54,40000,15:23:21 23 Sep 2022
,House,_lite,9/23/22,,,53,40000,15:23:21 23 Sep 2022
,House,_lite,9/23/22,,,52,40000,15:23:21 23 Sep 2022
,House,_lite,9/23/22,,,51,40000,15:23:21 23 Sep 2022
,House,_lite,9/23/22,,,50,40000,15:23:21 23 Sep 2022
,House,_lite,9/23/22,,,5,40000,15:23:21 23 Sep 2022
,House,_lite,9/23/22,,,49,40000,15:23:21 23 Sep 2022
,House,_lite,9/23/22,,,48,40000,15:23:21 23 Sep 2022
,House,_lite,9/23/22,,,47,40000,15:23:21 23 Sep 2022
,House,_lite,9/23/22,,,46,40000,15:23:21 23 Sep 2022
,House,_lite,9/23/22,,,45,40000,15:23:21 23 Sep 2022
,House,_lite,9/23/22,,,44,40000,15:23:21 23 Sep 2022
,House,_lite,9/23/22,,,435,40000,15:23:21 23 Sep 2022
,House,_lite,9/23/22,,,434,40000,15:23:21 23 Sep 2022
,House,_lite,9/23/22,,,433,40000,15:23:21 23 Sep 2022
,House,_lite,9/23/22,,,432,40000,15:23:21 23 Sep 2022
,House,_lite,9/23/22,,,431,40000,15:23:21 23 Sep 2022
,House,_lite,9/23/22,,,430,40000,15:23:21 23 Sep 2022
,House,_lite,9/23/22,,,43,40000,15:23:21 23 Sep 2022
,House,_lite,9/23/22,,,429,40000,15:23:21 23 Sep 2022
,House,_lite,9/23/22,,,428,40000,15:23:21 23 Sep 2022
,House,_lite,9/23/22,,,427,40000,15:23:21 23 Sep 2022
,House,_lite,9/23/22,,,426,40000,15:23:21 23 Sep 2022
,House,_lite,9/23/22,,,425,40000,15:23:21 23 Sep 2022
,House,_lite,9/23/22,,,424,40000,15:23:21 23 Sep 2022
,House,_lite,9/23/22,,,423,40000,15:23:21 23 Sep 2022
,House,_lite,9/23/22,,,422,40000,15:23:21 23 Sep 2022
,House,_lite,9/23/22,,,421,40000,15:23:21 23 Sep 2022
,House,_lite,9/23/22,,,420,40000,15:23:21 23 Sep 2022
,House,_lite,9/23/22,,,42,40000,15:23:21 23 Sep 2022
,House,_lite,9/23/22,,,419,40000,15:23:21 23 Sep 2022
,House,_lite,9/23/22,,,418,40000,15:23:21 23 Sep 2022
,House,_lite,9/23/22,,,417,40000,15:23:21 23 Sep 2022
,House,_lite,9/23/22,,,416,40000,15:23:21 23 Sep 2022
,House,_lite,9/23/22,,,415,40000,15:23:21 23 Sep 2022
,House,_lite,9/23/22,,,414,40000,15:23:21 23 Sep 2022
,House,_lite,9/23/22,,,413,40000,15:23:21 23 Sep 2022
,House,_lite,9/23/22,,,412,40000,15:23:21 23 Sep 2022
,House,_lite,9/23/22,,,411,40000,15:23:21 23 Sep 2022
,House,_lite,9/23/22,,,410,40000,15:23:21 23 Sep 2022
,House,_lite,9/23/22,,,41,40000,15:23:21 23 Sep 2022
,House,_lite,9/23/22,,,409,40000,15:23:21 23 Sep 2022
,House,_lite,9/23/22,,,408,40000,15:23:21 23 Sep 2022
,House,_lite,9/23/22,,,407,40000,15:23:21 23 Sep 2022
,House,_lite,9/23/22,,,406,40000,15:23:21 23 Sep 2022
,House,_lite,9/23/22,,,405,40000,15:23:21 23 Sep 2022
,House,_lite,9/23/22,,,404,40000,15:23:21 23 Sep 2022
,House,_lite,9/23/22,,,403,40000,15:23:21 23 Sep 2022
,House,_lite,9/23/22,,,402,40000,15:23:21 23 Sep 2022
,House,_lite,9/23/22,,,401,40000,15:23:21 23 Sep 2022
,House,_lite,9/23/22,,,400,40000,15:23:21 23 Sep 2022
,House,_lite,9/23/22,,,40,40000,15:23:21 23 Sep 2022
,House,_lite,9/23/22,,,4,40000,15:23:21 23 Sep 2022
,House,_lite,9/23/22,,,399,40000,15:23:21 23 Sep 2022
,House,_lite,9/23/22,,,398,40000,15:23:21 23 Sep 2022
,House,_lite,9/23/22,,,397,40000,15:23:21 23 Sep 2022
,House,_lite,9/23/22,,,396,40000,15:23:21 23 Sep 2022
,House,_lite,9/23/22,,,395,40000,15:23:21 23 Sep 2022
,House,_lite,9/23/22,,,394,40000,15:23:21 23 Sep 2022
,House,_lite,9/23/22,,,393,40000,15:23:21 23 Sep 2022
,House,_lite,9/23/22,,,392,40000,15:23:21 23 Sep 2022
,House,_lite,9/23/22,,,391,40000,15:23:21 23 Sep 2022
,House,_lite,9/23/22,,,390,40000,15:23:21 23 Sep 2022
,House,_lite,9/23/22,,,39,40000,15:23:21 23 Sep 2022
,House,_lite,9/23/22,,,389,40000,15:23:21 23 Sep 2022
,House,_lite,9/23/22,,,388,40000,15:23:21 23 Sep 2022
,House,_lite,9/23/22,,,387,40000,15:23:21 23 Sep 2022
,House,_lite,9/23/22,,,386,40000,15:23:21 23 Sep 2022
,House,_lite,9/23/22,,,385,40000,15:23:21 23 Sep 2022
,House,_lite,9/23/22,,,384,40000,15:23:21 23 Sep 2022
,House,_lite,9/23/22,,,383,40000,15:23:21 23 Sep 2022
,House,_lite,9/23/22,,,382,40000,15:23:21 23 Sep 2022
,House,_lite,9/23/22,,,381,40000,15:23:21 23 Sep 2022
,House,_lite,9/23/22,,,380,40000,15:23:21 23 Sep 2022
,House,_lite,9/23/22,,,38,40000,15:23:21 23 Sep 2022
,House,_lite,9/23/22,,,379,40000,15:23:21 23 Sep 2022
,House,_lite,9/23/22,,,378,40000,15:23:21 23 Sep 2022
,House,_lite,9/23/22,,,377,40000,15:23:21 23 Sep 2022
,House,_lite,9/23/22,,,376,40000,15:23:21 23 Sep 2022
,House,_lite,9/23/22,,,375,40000,15:23:21 23 Sep 2022
,House,_lite,9/23/22,,,374,40000,15:23:21 23 Sep 2022
,House,_lite,9/23/22,,,373,40000,15:23:21 23 Sep 2022
,House,_lite,9/23/22,,,372,40000,15:23:21 23 Sep 2022
,House,_lite,9/23/22,,,371,40000,15:23:21 23 Sep 2022
,House,_lite,9/23/22,,,370,40000,15:23:21 23 Sep 2022
,House,_lite,9/23/22,,,37,40000,15:23:21 23 Sep 2022
,House,_lite,9/23/22,,,369,40000,15:23:21 23 Sep 2022
,House,_lite,9/23/22,,,368,40000,15:23:21 23 Sep 2022
,House,_lite,9/23/22,,,367,40000,15:23:21 23 Sep 2022
,House,_lite,9/23/22,,,366,40000,15:23:21 23 Sep 2022
,House,_lite,9/23/22,,,365,40000,15:23:21 23 Sep 2022
,House,_lite,9/23/22,,,364,40000,15:23:21 23 Sep 2022
,House,_lite,9/23/22,,,363,40000,15:23:21 23 Sep 2022
,House,_lite,9/23/22,,,362,40000,15:23:21 23 Sep 2022
,House,_lite,9/23/22,,,361,40000,15:23:21 23 Sep 2022
,House,_lite,9/23/22,,,360,40000,15:23:21 23 Sep 2022
,House,_lite,9/23/22,,,36,40000,15:23:21 23 Sep 2022
,House,_lite,9/23/22,,,359,40000,15:23:21 23 Sep 2022
,House,_lite,9/23/22,,,358,40000,15:23:21 23 Sep 2022
,House,_lite,9/23/22,,,357,40000,15:23:21 23 Sep 2022
,House,_lite,9/23/22,,,356,40000,15:23:21 23 Sep 2022
,House,_lite,9/23/22,,,355,40000,15:23:21 23 Sep 2022
,House,_lite,9/23/22,,,354,40000,15:23:21 23 Sep 2022
,House,_lite,9/23/22,,,353,40000,15:23:21 23 Sep 2022
,House,_lite,9/23/22,,,352,40000,15:23:21 23 Sep 2022
,House,_lite,9/23/22,,,351,40000,15:23:21 23 Sep 2022
,House,_lite,9/23/22,,,350,40000,15:23:21 23 Sep 2022
,House,_lite,9/23/22,,,35,40000,15:23:21 23 Sep 2022
,House,_lite,9/23/22,,,349,40000,15:23:21 23 Sep 2022
,House,_lite,9/23/22,,,348,40000,15:23:21 23 Sep 2022
,House,_lite,9/23/22,,,347,40000,15:23:21 23 Sep 2022
,House,_lite,9/23/22,,,346,40000,15:23:21 23 Sep 2022
,House,_lite,9/23/22,,,345,40000,15:23:21 23 Sep 2022
,House,_lite,9/23/22,,,344,40000,15:23:21 23 Sep 2022
,House,_lite,9/23/22,,,343,40000,15:23:21 23 Sep 2022
,House,_lite,9/23/22,,,342,40000,15:23:21 23 Sep 2022
,House,_lite,9/23/22,,,341,40000,15:23:21 23 Sep 2022
,House,_lite,9/23/22,,,340,40000,15:23:21 23 Sep 2022
,House,_lite,9/23/22,,,34,40000,15:23:21 23 Sep 2022
,House,_lite,9/23/22,,,339,40000,15:23:21 23 Sep 2022
,House,_lite,9/23/22,,,338,40000,15:23:21 23 Sep 2022
,House,_lite,9/23/22,,,337,40000,15:23:21 23 Sep 2022
,House,_lite,9/23/22,,,336,40000,15:23:21 23 Sep 2022
,House,_lite,9/23/22,,,335,40000,15:23:21 23 Sep 2022
,House,_lite,9/23/22,,,334,40000,15:23:21 23 Sep 2022
,House,_lite,9/23/22,,,333,40000,15:23:21 23 Sep 2022
,House,_lite,9/23/22,,,332,40000,15:23:21 23 Sep 2022
,House,_lite,9/23/22,,,331,40000,15:23:21 23 Sep 2022
,House,_lite,9/23/22,.000025,,330,40000,15:23:21 23 Sep 2022
,House,_lite,9/23/22,,,33,40000,15:23:21 23 Sep 2022
,House,_lite,9/23/22,,,329,40000,15:23:21 23 Sep 2022
,House,_lite,9/23/22,,,328,40000,15:23:21 23 Sep 2022
,House,_lite,9/23/22,,,327,40000,15:23:21 23 Sep 2022
,House,_lite,9/23/22,,,326,40000,15:23:21 23 Sep 2022
,House,_lite,9/23/22,,,325,40000,15:23:21 23 Sep 2022
,House,_lite,9/23/22,,,324,40000,15:23:21 23 Sep 2022
,House,_lite,9/23/22,,,323,40000,15:23:21 23 Sep 2022
,House,_lite,9/23/22,,,322,40000,15:23:21 23 Sep 2022
,House,_lite,9/23/22,,,321,40000,15:23:21 23 Sep 2022
,House,_lite,9/23/22,,,320,40000,15:23:21 23 Sep 2022
,House,_lite,9/23/22,,,32,40000,15:23:21 23 Sep 2022
,House,_lite,9/23/22,,.000025,319,40000,15:23:21 23 Sep 2022
,House,_lite,9/23/22,,,318,40000,15:23:21 23 Sep 2022
,House,_lite,9/23/22,,,317,40000,15:23:21 23 Sep 2022
,House,_lite,9/23/22,,.000025,316,40000,15:23:21 23 Sep 2022
,House,_lite,9/23/22,,,315,40000,15:23:21 23 Sep 2022
,House,_lite,9/23/22,.000025,,314,40000,15:23:21 23 Sep 2022
,House,_lite,9/23/22,,,313,40000,15:23:21 23 Sep 2022
,House,_lite,9/23/22,,,312,40000,15:23:21 23 Sep 2022
,House,_lite,9/23/22,,,310,40000,15:23:21 23 Sep 2022
,House,_lite,9/23/22,,,31,40000,15:23:21 23 Sep 2022
,House,_lite,9/23/22,,,309,40000,15:23:21 23 Sep 2022
,House,_lite,9/23/22,,,308,40000,15:23:21 23 Sep 2022
,House,_lite,9/23/22,,.000025,307,40000,15:23:21 23 Sep 2022
,House,_lite,9/23/22,,.00005,306,40000,15:23:21 23 Sep 2022
,House,_lite,9/23/22,,,305,40000,15:23:21 23 Sep 2022
,House,_lite,9/23/22,,,304,40000,15:23:21 23 Sep 2022
,House,_lite,9/23/22,,,303,40000,15:23:21 23 Sep 2022
,House,_lite,9/23/22,,,302,40000,15:23:21 23 Sep 2022
,House,_lite,9/23/22,,.000025,301,40000,15:23:21 23 Sep 2022
,House,_lite,9/23/22,.000025,,300,40000,15:23:21 23 Sep 2022
,House,_lite,9/23/22,,,30,40000,15:23:21 23 Sep 2022
,House,_lite,9/23/22,,,3,40000,15:23:21 23 Sep 2022
,House,_lite,9/23/22,,.000025,299,40000,15:23:21 23 Sep 2022
,House,_lite,9/23/22,,.000025,298,40000,15:23:21 23 Sep 2022
,House,_lite,9/23/22,,,297,40000,15:23:21 23 Sep 2022
,House,_lite,9/23/22,,,296,40000,15:23:21 23 Sep 2022
,House,_lite,9/23/22,.000025,.00005,295,40000,15:23:21 23 Sep 2022
,House,_lite,9/23/22,.00005,.000025,294,40000,15:23:21 23 Sep 2022
,House,_lite,9/23/22,.000075,.000025,293,40000,15:23:21 23 Sep 2022
,House,_lite,9/23/22,.00005,,291,40000,15:23:21 23 Sep 2022
,House,_lite,9/23/22,,.00005,290,40000,15:23:21 23 Sep 2022
,House,_lite,9/23/22,,,29,40000,15:23:21 23 Sep 2022
,House,_lite,9/23/22,.00005,.000075,289,40000,15:23:21 23 Sep 2022
,House,_lite,9/23/22,.000025,.000025,288,40000,15:23:21 23 Sep 2022
,House,_lite,9/23/22,,.000025,287,40000,15:23:21 23 Sep 2022
,House,_lite,9/23/22,.000025,.000025,286,40000,15:23:21 23 Sep 2022
,House,_lite,9/23/22,.000025,.00005,285,40000,15:23:21 23 Sep 2022
,House,_lite,9/23/22,,.00015,284,40000,15:23:21 23 Sep 2022
,House,_lite,9/23/22,.00005,.00005,283,40000,15:23:21 23 Sep 2022
,House,_lite,9/23/22,.000025,.000025,282,40000,15:23:21 23 Sep 2022
,House,_lite,9/23/22,.0001,.0002,281,40000,15:23:21 23 Sep 2022
,House,_lite,9/23/22,.0001,.000325,280,40000,15:23:21 23 Sep 2022
,House,_lite,9/23/22,,,28,40000,15:23:21 23 Sep 2022
,House,_lite,9/23/22,.0001,.00005,278,40000,15:23:21 23 Sep 2022
,House,_lite,9/23/22,.0002,.0004,276,40000,15:23:21 23 Sep 2022
,House,_lite,9/23/22,,,27,40000,15:23:21 23 Sep 2022
,House,_lite,9/23/22,,,26,40000,15:23:21 23 Sep 2022
,House,_lite,9/23/22,,,25,40000,15:23:21 23 Sep 2022
,House,_lite,9/23/22,,,24,40000,15:23:21 23 Sep 2022
,House,_lite,9/23/22,,,23,40000,15:23:21 23 Sep 2022
,House,_lite,9/23/22,,,22,40000,15:23:21 23 Sep 2022
,House,_lite,9/23/22,,,21,40000,15:23:21 23 Sep 2022
2022,House,_lite,9/23/22,,,311,40000,15:23:21 23 Sep 2022
2022,House,_lite,9/23/22,,.000025,292,40000,15:23:21 23 Sep 2022
2022,House,_lite,9/23/22,.000075,.00015,279,40000,15:23:21 23 Sep 2022
2022,House,_lite,9/23/22,.00005,.000175,277,40000,15:23:21 23 Sep 2022
2022,House,_lite,9/23/22,.000175,.00025,275,40000,15:23:21 23 Sep 2022
2022,House,_lite,9/23/22,.000175,.00035,274,40000,15:23:21 23 Sep 2022
2022,House,_lite,9/23/22,.000125,.00045,273,40000,15:23:21 23 Sep 2022
2022,House,_lite,9/23/22,.000125,.000575,272,40000,15:23:21 23 Sep 2022
2022,House,_lite,9/23/22,.0001,.000525,271,40000,15:23:21 23 Sep 2022
2022,House,_lite,9/23/22,.000325,.0007,270,40000,15:23:21 23 Sep 2022
2022,House,_lite,9/23/22,.00025,.00065,269,40000,15:23:21 23 Sep 2022
2022,House,_lite,9/23/22,.00045,.000725,268,40000,15:23:21 23 Sep 2022
2022,House,_lite,9/23/22,.000575,.00105,267,40000,15:23:21 23 Sep 2022
2022,House,_lite,9/23/22,.0005,.001525,266,40000,15:23:21 23 Sep 2022
2022,House,_lite,9/23/22,.000525,.001525,265,40000,15:23:21 23 Sep 2022
2022,House,_lite,9/23/22,.000525,.001475,264,40000,15:23:21 23 Sep 2022
2022,House,_lite,9/23/22,.000825,.002025,263,40000,15:23:21 23 Sep 2022
2022,House,_lite,9/23/22,.0006,.002325,262,40000,15:23:21 23 Sep 2022
2022,House,_lite,9/23/22,.000625,.0022,261,40000,15:23:21 23 Sep 2022
2022,House,_lite,9/23/22,.0008,.00225,260,40000,15:23:21 23 Sep 2022
2022,House,_lite,9/23/22,.000875,.002525,259,40000,15:23:21 23 Sep 2022
2022,House,_lite,9/23/22,.0011,.003075,258,40000,15:23:21 23 Sep 2022
2022,House,_lite,9/23/22,.0016,.00355,257,40000,15:23:21 23 Sep 2022
2022,House,_lite,9/23/22,.001425,.003475,256,40000,15:23:21 23 Sep 2022
2022,House,_lite,9/23/22,.0017,.00445,255,40000,15:23:21 23 Sep 2022
2022,House,_lite,9/23/22,.002275,.004425,254,40000,15:23:21 23 Sep 2022
2022,House,_lite,9/23/22,.001925,.0048,253,40000,15:23:21 23 Sep 2022
2022,House,_lite,9/23/22,.002575,.004975,252,40000,15:23:21 23 Sep 2022
2022,House,_lite,9/23/22,.00295,.005225,251,40000,15:23:21 23 Sep 2022
2022,House,_lite,9/23/22,.00295,.0067,250,40000,15:23:21 23 Sep 2022
2022,House,_lite,9/23/22,.002975,.00655,249,40000,15:23:21 23 Sep 2022
2022,House,_lite,9/23/22,.003525,.007775,248,40000,15:23:21 23 Sep 2022
2022,House,_lite,9/23/22,.0036,.008175,247,40000,15:23:21 23 Sep 2022
2022,House,_lite,9/23/22,.0046,.008275,246,40000,15:23:21 23 Sep 2022
2022,House,_lite,9/23/22,.0048,.010125,245,40000,15:23:21 23 Sep 2022
2022,House,_lite,9/23/22,.005675,.010125,244,40000,15:23:21 23 Sep 2022
2022,House,_lite,9/23/22,.005625,.00985,243,40000,15:23:21 23 Sep 2022
2022,House,_lite,9/23/22,.005825,.0117,242,40000,15:23:21 23 Sep 2022
2022,House,_lite,9/23/22,.006475,.0125,241,40000,15:23:21 23 Sep 2022
2022,House,_lite,9/23/22,.00815,.012875,240,40000,15:23:21 23 Sep 2022
2022,House,_lite,9/23/22,.008325,.013325,239,40000,15:23:21 23 Sep 2022
2022,House,_lite,9/23/22,.0086,.01425,238,40000,15:23:21 23 Sep 2022
2022,House,_lite,9/23/22,.00985,.0157,237,40000,15:23:21 23 Sep 2022
2022,House,_lite,9/23/22,.0097,.015475,236,40000,15:23:21 23 Sep 2022
2022,House,_lite,9/23/22,.010825,.016875,235,40000,15:23:21 23 Sep 2022
2022,House,_lite,9/23/22,.01195,.017675,234,40000,15:23:21 23 Sep 2022
2022,House,_lite,9/23/22,.012325,.016975,233,40000,15:23:21 23 Sep 2022
2022,House,_lite,9/23/22,.01235,.019425,232,40000,15:23:21 23 Sep 2022
2022,House,_lite,9/23/22,.013275,.01855,231,40000,15:23:21 23 Sep 2022
2022,House,_lite,9/23/22,.01465,.018575,230,40000,15:23:21 23 Sep 2022
2022,House,_lite,9/23/22,.01485,.019875,229,40000,15:23:21 23 Sep 2022
2022,House,_lite,9/23/22,.015725,.021175,228,40000,15:23:21 23 Sep 2022
2022,House,_lite,9/23/22,.016575,.0219,227,40000,15:23:21 23 Sep 2022
2022,House,_lite,9/23/22,.01655,.021925,226,40000,15:23:21 23 Sep 2022
2022,House,_lite,9/23/22,.016925,.022275,225,40000,15:23:21 23 Sep 2022
2022,House,_lite,9/23/22,.018,.022525,224,40000,15:23:21 23 Sep 2022
2022,House,_lite,9/23/22,.0184,.023075,223,40000,15:23:21 23 Sep 2022
2022,House,_lite,9/23/22,.020325,.0214,222,40000,15:23:21 23 Sep 2022
2022,House,_lite,9/23/22,.019725,.02175,221,40000,15:23:21 23 Sep 2022
2022,House,_lite,9/23/22,.0201,.02165,220,40000,15:23:21 23 Sep 2022
2022,House,_lite,9/23/22,.021175,.02255,219,40000,15:23:21 23 Sep 2022
2022,House,_lite,9/23/22,.0214,.0212,218,40000,15:23:21 23 Sep 2022
2022,House,_lite,9/23/22,.0212,.0214,217,40000,15:23:21 23 Sep 2022
2022,House,_lite,9/23/22,.02255,.021175,216,40000,15:23:21 23 Sep 2022
2022,House,_lite,9/23/22,.02165,.0201,215,40000,15:23:21 23 Sep 2022
2022,House,_lite,9/23/22,.02175,.019725,214,40000,15:23:21 23 Sep 2022
2022,House,_lite,9/23/22,.0214,.020325,213,40000,15:23:21 23 Sep 2022
2022,House,_lite,9/23/22,.023075,.0184,212,40000,15:23:21 23 Sep 2022
2022,House,_lite,9/23/22,.022525,.018,211,40000,15:23:21 23 Sep 2022
2022,House,_lite,9/23/22,.022275,.016925,210,40000,15:23:21 23 Sep 2022
2022,House,_lite,9/23/22,.021925,.01655,209,40000,15:23:21 23 Sep 2022
2022,House,_lite,9/23/22,.0219,.016575,208,40000,15:23:21 23 Sep 2022
2022,House,_lite,9/23/22,.02115,.015725,207,40000,15:23:21 23 Sep 2022
2022,House,_lite,9/23/22,.0199,.01485,206,40000,15:23:21 23 Sep 2022
2022,House,_lite,9/23/22,.018575,.01465,205,40000,15:23:21 23 Sep 2022
2022,House,_lite,9/23/22,.01855,.013275,204,40000,15:23:21 23 Sep 2022
2022,House,_lite,9/23/22,.019425,.01235,203,40000,15:23:21 23 Sep 2022
2022,House,_lite,9/23/22,.016975,.012325,202,40000,15:23:21 23 Sep 2022
2022,House,_lite,9/23/22,.017675,.01195,201,40000,15:23:21 23 Sep 2022
2022,House,_lite,9/23/22,.016875,.010825,200,40000,15:23:21 23 Sep 2022
2022,House,_lite,9/23/22,.015475,.0097,199,40000,15:23:21 23 Sep 2022
2022,House,_lite,9/23/22,.0157,.00985,198,40000,15:23:21 23 Sep 2022
2022,House,_lite,9/23/22,.01425,.0086,197,40000,15:23:21 23 Sep 2022
2022,House,_lite,9/23/22,.013325,.008325,196,40000,15:23:21 23 Sep 2022
2022,House,_lite,9/23/22,.012875,.00815,195,40000,15:23:21 23 Sep 2022
2022,House,_lite,9/23/22,.0125,.006475,194,40000,15:23:21 23 Sep 2022
2022,House,_lite,9/23/22,.0117,.005825,193,40000,15:23:21 23 Sep 2022
2022,House,_lite,9/23/22,.00985,.005625,192,40000,15:23:21 23 Sep 2022
2022,House,_lite,9/23/22,.010125,.005675,191,40000,15:23:21 23 Sep 2022
2022,House,_lite,9/23/22,.010125,.0048,190,40000,15:23:21 23 Sep 2022
2022,House,_lite,9/23/22,.008275,.0046,189,40000,15:23:21 23 Sep 2022
2022,House,_lite,9/23/22,.008175,.0036,188,40000,15:23:21 23 Sep 2022
2022,House,_lite,9/23/22,.007775,.003525,187,40000,15:23:21 23 Sep 2022
2022,House,_lite,9/23/22,.00655,.002975,186,40000,15:23:21 23 Sep 2022
2022,House,_lite,9/23/22,.0067,.00295,185,40000,15:23:21 23 Sep 2022
2022,House,_lite,9/23/22,.005225,.00295,184,40000,15:23:21 23 Sep 2022
2022,House,_lite,9/23/22,.004975,.002575,183,40000,15:23:21 23 Sep 2022
2022,House,_lite,9/23/22,.0048,.001925,182,40000,15:23:21 23 Sep 2022
2022,House,_lite,9/23/22,.004425,.002275,181,40000,15:23:21 23 Sep 2022
2022,House,_lite,9/23/22,.00445,.0017,180,40000,15:23:21 23 Sep 2022
2022,House,_lite,9/23/22,.003475,.001425,179,40000,15:23:21 23 Sep 2022
2022,House,_lite,9/23/22,.00355,.0016,178,40000,15:23:21 23 Sep 2022
2022,House,_lite,9/23/22,.003075,.0011,177,40000,15:23:21 23 Sep 2022
2022,House,_lite,9/23/22,.002525,.000875,176,40000,15:23:21 23 Sep 2022
2022,House,_lite,9/23/22,.00225,.0008,175,40000,15:23:21 23 Sep 2022
2022,House,_lite,9/23/22,.0022,.000625,174,40000,15:23:21 23 Sep 2022
2022,House,_lite,9/23/22,.002325,.0006,173,40000,15:23:21 23 Sep 2022
2022,House,_lite,9/23/22,.002025,.000825,172,40000,15:23:21 23 Sep 2022
2022,House,_lite,9/23/22,.001475,.000525,171,40000,15:23:21 23 Sep 2022
2022,House,_lite,9/23/22,.001525,.000525,170,40000,15:23:21 23 Sep 2022
2022,House,_lite,9/23/22,.001525,.0005,169,40000,15:23:21 23 Sep 2022
2022,House,_lite,9/23/22,.00105,.000575,168,40000,15:23:21 23 Sep 2022
2022,House,_lite,9/23/22,.000725,.00045,167,40000,15:23:21 23 Sep 2022
2022,House,_lite,9/23/22,.00065,.00025,166,40000,15:23:21 23 Sep 2022
2022,House,_lite,9/23/22,.0007,.000325,165,40000,15:23:21 23 Sep 2022
2022,House,_lite,9/23/22,.000525,.0001,164,40000,15:23:21 23 Sep 2022
2022,House,_lite,9/23/22,.000575,.000125,163,40000,15:23:21 23 Sep 2022
2022,House,_lite,9/23/22,.00045,.000125,162,40000,15:23:21 23 Sep 2022
2022,House,_lite,9/23/22,.00035,.000175,161,40000,15:23:21 23 Sep 2022
2022,House,_lite,9/23/22,.00025,.000175,160,40000,15:23:21 23 Sep 2022
2022,House,_lite,9/23/22,.0004,.0002,159,40000,15:23:21 23 Sep 2022
2022,House,_lite,9/23/22,.000175,.00005,158,40000,15:23:21 23 Sep 2022
2022,House,_lite,9/23/22,.00005,.0001,157,40000,15:23:21 23 Sep 2022
2022,House,_lite,9/23/22,.00015,.000075,156,40000,15:23:21 23 Sep 2022
2022,House,_lite,9/23/22,.000325,.0001,155,40000,15:23:21 23 Sep 2022
2022,House,_lite,9/23/22,.0002,.0001,154,40000,15:23:21 23 Sep 2022
2022,House,_lite,9/23/22,.000025,.000025,153,40000,15:23:21 23 Sep 2022
2022,House,_lite,9/23/22,.00005,.00005,152,40000,15:23:21 23 Sep 2022
2022,House,_lite,9/23/22,.00015,,151,40000,15:23:21 23 Sep 2022
2022,House,_lite,9/23/22,.00005,.000025,150,40000,15:23:21 23 Sep 2022
2022,House,_lite,9/23/22,.000025,.000025,149,40000,15:23:21 23 Sep 2022
2022,House,_lite,9/23/22,.000025,,148,40000,15:23:21 23 Sep 2022
2022,House,_lite,9/23/22,.000025,.000025,147,40000,15:23:21 23 Sep 2022
2022,House,_lite,9/23/22,,.00005,144,40000,15:23:21 23 Sep 2022
2022,House,_lite,9/23/22,.000025,,143,40000,15:23:21 23 Sep 2022
2022,House,_lite,9/23/22,.000025,.000075,142,40000,15:23:21 23 Sep 2022
2022,House,_lite,9/23/22,.000025,.00005,141,40000,15:23:21 23 Sep 2022
2022,House,_lite,9/23/22,.00005,.000025,140,40000,15:23:21 23 Sep 2022
2022,House,_lite,9/23/22,.000025,,136,40000,15:23:21 23 Sep 2022
2022,House,_lite,9/23/22,,.000025,135,40000,15:23:21 23 Sep 2022
2022,House,_lite,9/23/22,,,131,40000,15:23:21 23 Sep 2022
2022,House,_lite,9/23/22,,,130,40000,15:23:21 23 Sep 2022
2022,House,_lite,9/23/22,.000025,,128,40000,15:23:21 23 Sep 2022
2022,House,_lite,9/23/22,,,125,40000,15:23:21 23 Sep 2022
2022,House,_lite,9/23/22,,.000025,121,40000,15:23:21 23 Sep 2022
2022,House,_lite,9/23/22,,,113,40000,15:23:21 23 Sep 2022
,House,_lite,9/23/22,,,20,40000,15:23:21 23 Sep 2022
,House,_lite,9/23/22,,,2,40000,15:23:21 23 Sep 2022
,House,_lite,9/23/22,,,19,40000,15:23:21 23 Sep 2022
,House,_lite,9/23/22,,,18,40000,15:23:21 23 Sep 2022
,House,_lite,9/23/22,,,17,40000,15:23:21 23 Sep 2022
,House,_lite,9/23/22,,,16,40000,15:23:21 23 Sep 2022
,House,_lite,9/23/22,,,15,40000,15:23:21 23 Sep 2022
,House,_lite,9/23/22,.000075,.00005,146,40000,15:23:21 23 Sep 2022
,House,_lite,9/23/22,.00005,,145,40000,15:23:21 23 Sep 2022
,House,_lite,9/23/22,,,14,40000,15:23:21 23 Sep 2022
,House,_lite,9/23/22,,,139,40000,15:23:21 23 Sep 2022
,House,_lite,9/23/22,,,138,40000,15:23:21 23 Sep 2022
,House,_lite,9/23/22,.000025,,137,40000,15:23:21 23 Sep 2022
,House,_lite,9/23/22,.000025,,134,40000,15:23:21 23 Sep 2022
,House,_lite,9/23/22,,,133,40000,15:23:21 23 Sep 2022
,House,_lite,9/23/22,,,132,40000,15:23:21 23 Sep 2022
,House,_lite,9/23/22,,,13,40000,15:23:21 23 Sep 2022
,House,_lite,9/23/22,.00005,,129,40000,15:23:21 23 Sep 2022
,House,_lite,9/23/22,,,127,40000,15:23:21 23 Sep 2022
,House,_lite,9/23/22,,,126,40000,15:23:21 23 Sep 2022
,House,_lite,9/23/22,,,124,40000,15:23:21 23 Sep 2022
,House,_lite,9/23/22,,,123,40000,15:23:21 23 Sep 2022
,House,_lite,9/23/22,,,122,40000,15:23:21 23 Sep 2022
,House,_lite,9/23/22,,,120,40000,15:23:21 23 Sep 2022
,House,_lite,9/23/22,,,12,40000,15:23:21 23 Sep 2022
,House,_lite,9/23/22,.000025,,119,40000,15:23:21 23 Sep 2022
,House,_lite,9/23/22,,,118,40000,15:23:21 23 Sep 2022
,House,_lite,9/23/22,,,117,40000,15:23:21 23 Sep 2022
,House,_lite,9/23/22,.000025,,116,40000,15:23:21 23 Sep 2022
,House,_lite,9/23/22,,,115,40000,15:23:21 23 Sep 2022
,House,_lite,9/23/22,,,114,40000,15:23:21 23 Sep 2022
,House,_lite,9/23/22,,,112,40000,15:23:21 23 Sep 2022
,House,_lite,9/23/22,,,111,40000,15:23:21 23 Sep 2022
,House,_lite,9/23/22,,,110,40000,15:23:21 23 Sep 2022
,House,_lite,9/23/22,,,11,40000,15:23:21 23 Sep 2022
,House,_lite,9/23/22,,,109,40000,15:23:21 23 Sep 2022
,House,_lite,9/23/22,,,108,40000,15:23:21 23 Sep 2022
,House,_lite,9/23/22,,,107,40000,15:23:21 23 Sep 2022
,House,_lite,9/23/22,,,106,40000,15:23:21 23 Sep 2022
,House,_lite,9/23/22,,.000025,105,40000,15:23:21 23 Sep 2022
,House,_lite,9/23/22,,,104,40000,15:23:21 23 Sep 2022
,House,_lite,9/23/22,,,103,40000,15:23:21 23 Sep 2022
,House,_lite,9/23/22,,,102,40000,15:23:21 23 Sep 2022
,House,_lite,9/23/22,,,101,40000,15:23:21 23 Sep 2022
,House,_lite,9/23/22,,,100,40000,15:23:21 23 Sep 2022
,House,_lite,9/23/22,,,10,40000,15:23:21 23 Sep 2022
,House,_lite,9/23/22,,,1,40000,15:23:21 23 Sep 2022
,House,_lite,9/23/22,,,0,40000,15:23:21 23 Sep 2022
,House,_deluxe,9/23/22,,,99,40000,15:23:21 23 Sep 2022
,House,_deluxe,9/23/22,,,98,40000,15:23:21 23 Sep 2022
,House,_deluxe,9/23/22,,,97,40000,15:23:21 23 Sep 2022
,House,_deluxe,9/23/22,,,96,40000,15:23:21 23 Sep 2022
,House,_deluxe,9/23/22,,,95,40000,15:23:21 23 Sep 2022
,House,_deluxe,9/23/22,,,94,40000,15:23:21 23 Sep 2022
,House,_deluxe,9/23/22,,,93,40000,15:23:21 23 Sep 2022
,House,_deluxe,9/23/22,,,92,40000,15:23:21 23 Sep 2022
,House,_deluxe,9/23/22,,,91,40000,15:23:21 23 Sep 2022
,House,_deluxe,9/23/22,,,90,40000,15:23:21 23 Sep 2022
,House,_deluxe,9/23/22,,,9,40000,15:23:21 23 Sep 2022
,House,_deluxe,9/23/22,,,89,40000,15:23:21 23 Sep 2022
,House,_deluxe,9/23/22,,,88,40000,15:23:21 23 Sep 2022
,House,_deluxe,9/23/22,,,87,40000,15:23:21 23 Sep 2022
,House,_deluxe,9/23/22,,,86,40000,15:23:21 23 Sep 2022
,House,_deluxe,9/23/22,,,85,40000,15:23:21 23 Sep 2022
,House,_deluxe,9/23/22,,,84,40000,15:23:21 23 Sep 2022
,House,_deluxe,9/23/22,,,83,40000,15:23:21 23 Sep 2022
,House,_deluxe,9/23/22,,,82,40000,15:23:21 23 Sep 2022
,House,_deluxe,9/23/22,,,81,40000,15:23:21 23 Sep 2022
,House,_deluxe,9/23/22,,,80,40000,15:23:21 23 Sep 2022
,House,_deluxe,9/23/22,,,8,40000,15:23:21 23 Sep 2022
,House,_deluxe,9/23/22,,,79,40000,15:23:21 23 Sep 2022
,House,_deluxe,9/23/22,,,78,40000,15:23:21 23 Sep 2022
,House,_deluxe,9/23/22,,,77,40000,15:23:21 23 Sep 2022
,House,_deluxe,9/23/22,,,76,40000,15:23:21 23 Sep 2022
,House,_deluxe,9/23/22,,,75,40000,15:23:21 23 Sep 2022
,House,_deluxe,9/23/22,,,74,40000,15:23:21 23 Sep 2022
,House,_deluxe,9/23/22,,,73,40000,15:23:21 23 Sep 2022
,House,_deluxe,9/23/22,,,72,40000,15:23:21 23 Sep 2022
,House,_deluxe,9/23/22,,,71,40000,15:23:21 23 Sep 2022
,House,_deluxe,9/23/22,,,70,40000,15:23:21 23 Sep 2022
,House,_deluxe,9/23/22,,,7,40000,15:23:21 23 Sep 2022
,House,_deluxe,9/23/22,,,69,40000,15:23:21 23 Sep 2022
,House,_deluxe,9/23/22,,,68,40000,15:23:21 23 Sep 2022
,House,_deluxe,9/23/22,,,67,40000,15:23:21 23 Sep 2022
,House,_deluxe,9/23/22,,,66,40000,15:23:21 23 Sep 2022
,House,_deluxe,9/23/22,,,65,40000,15:23:21 23 Sep 2022
,House,_deluxe,9/23/22,,,64,40000,15:23:21 23 Sep 2022
,House,_deluxe,9/23/22,,,63,40000,15:23:21 23 Sep 2022
,House,_deluxe,9/23/22,,,62,40000,15:23:21 23 Sep 2022
,House,_deluxe,9/23/22,,,61,40000,15:23:21 23 Sep 2022
,House,_deluxe,9/23/22,,,60,40000,15:23:21 23 Sep 2022
,House,_deluxe,9/23/22,,,6,40000,15:23:21 23 Sep 2022
,House,_deluxe,9/23/22,,,59,40000,15:23:21 23 Sep 2022
,House,_deluxe,9/23/22,,,58,40000,15:23:21 23 Sep 2022
,House,_deluxe,9/23/22,,,57,40000,15:23:21 23 Sep 2022
,House,_deluxe,9/23/22,,,56,40000,15:23:21 23 Sep 2022
,House,_deluxe,9/23/22,,,55,40000,15:23:21 23 Sep 2022
,House,_deluxe,9/23/22,,,54,40000,15:23:21 23 Sep 2022
,House,_deluxe,9/23/22,,,53,40000,15:23:21 23 Sep 2022
,House,_deluxe,9/23/22,,,52,40000,15:23:21 23 Sep 2022
,House,_deluxe,9/23/22,,,51,40000,15:23:21 23 Sep 2022
,House,_deluxe,9/23/22,,,50,40000,15:23:21 23 Sep 2022
,House,_deluxe,9/23/22,,,5,40000,15:23:21 23 Sep 2022
,House,_deluxe,9/23/22,,,49,40000,15:23:21 23 Sep 2022
,House,_deluxe,9/23/22,,,48,40000,15:23:21 23 Sep 2022
,House,_deluxe,9/23/22,,,47,40000,15:23:21 23 Sep 2022
,House,_deluxe,9/23/22,,,46,40000,15:23:21 23 Sep 2022
,House,_deluxe,9/23/22,,,45,40000,15:23:21 23 Sep 2022
,House,_deluxe,9/23/22,,,44,40000,15:23:21 23 Sep 2022
,House,_deluxe,9/23/22,,,435,40000,15:23:21 23 Sep 2022
,House,_deluxe,9/23/22,,,434,40000,15:23:21 23 Sep 2022
,House,_deluxe,9/23/22,,,433,40000,15:23:21 23 Sep 2022
,House,_deluxe,9/23/22,,,432,40000,15:23:21 23 Sep 2022
,House,_deluxe,9/23/22,,,431,40000,15:23:21 23 Sep 2022
,House,_deluxe,9/23/22,,,430,40000,15:23:21 23 Sep 2022
,House,_deluxe,9/23/22,,,43,40000,15:23:21 23 Sep 2022
,House,_deluxe,9/23/22,,,429,40000,15:23:21 23 Sep 2022
,House,_deluxe,9/23/22,,,428,40000,15:23:21 23 Sep 2022
,House,_deluxe,9/23/22,,,427,40000,15:23:21 23 Sep 2022
,House,_deluxe,9/23/22,,,426,40000,15:23:21 23 Sep 2022
,House,_deluxe,9/23/22,,,425,40000,15:23:21 23 Sep 2022
,House,_deluxe,9/23/22,,,424,40000,15:23:21 23 Sep 2022
,House,_deluxe,9/23/22,,,423,40000,15:23:21 23 Sep 2022
,House,_deluxe,9/23/22,,,422,40000,15:23:21 23 Sep 2022
,House,_deluxe,9/23/22,,,421,40000,15:23:21 23 Sep 2022
,House,_deluxe,9/23/22,,,420,40000,15:23:21 23 Sep 2022
,House,_deluxe,9/23/22,,,42,40000,15:23:21 23 Sep 2022
,House,_deluxe,9/23/22,,,419,40000,15:23:21 23 Sep 2022
,House,_deluxe,9/23/22,,,418,40000,15:23:21 23 Sep 2022
,House,_deluxe,9/23/22,,,417,40000,15:23:21 23 Sep 2022
,House,_deluxe,9/23/22,,,416,40000,15:23:21 23 Sep 2022
,House,_deluxe,9/23/22,,,415,40000,15:23:21 23 Sep 2022
,House,_deluxe,9/23/22,,,414,40000,15:23:21 23 Sep 2022
,House,_deluxe,9/23/22,,,413,40000,15:23:21 23 Sep 2022
,House,_deluxe,9/23/22,,,412,40000,15:23:21 23 Sep 2022
,House,_deluxe,9/23/22,,,411,40000,15:23:21 23 Sep 2022
,House,_deluxe,9/23/22,,,410,40000,15:23:21 23 Sep 2022
,House,_deluxe,9/23/22,,,41,40000,15:23:21 23 Sep 2022
,House,_deluxe,9/23/22,,,409,40000,15:23:21 23 Sep 2022
,House,_deluxe,9/23/22,,,408,40000,15:23:21 23 Sep 2022
,House,_deluxe,9/23/22,,,407,40000,15:23:21 23 Sep 2022
,House,_deluxe,9/23/22,,,406,40000,15:23:21 23 Sep 2022
,House,_deluxe,9/23/22,,,405,40000,15:23:21 23 Sep 2022
,House,_deluxe,9/23/22,,,404,40000,15:23:21 23 Sep 2022
,House,_deluxe,9/23/22,,,403,40000,15:23:21 23 Sep 2022
,House,_deluxe,9/23/22,,,402,40000,15:23:21 23 Sep 2022
,House,_deluxe,9/23/22,,,401,40000,15:23:21 23 Sep 2022
,House,_deluxe,9/23/22,,,400,40000,15:23:21 23 Sep 2022
,House,_deluxe,9/23/22,,,40,40000,15:23:21 23 Sep 2022
,House,_deluxe,9/23/22,,,4,40000,15:23:21 23 Sep 2022
,House,_deluxe,9/23/22,,,399,40000,15:23:21 23 Sep 2022
,House,_deluxe,9/23/22,,,398,40000,15:23:21 23 Sep 2022
,House,_deluxe,9/23/22,,,397,40000,15:23:21 23 Sep 2022
,House,_deluxe,9/23/22,,,396,40000,15:23:21 23 Sep 2022
,House,_deluxe,9/23/22,,,395,40000,15:23:21 23 Sep 2022
,House,_deluxe,9/23/22,,,394,40000,15:23:21 23 Sep 2022
,House,_deluxe,9/23/22,,,393,40000,15:23:21 23 Sep 2022
,House,_deluxe,9/23/22,,,392,40000,15:23:21 23 Sep 2022
,House,_deluxe,9/23/22,,,391,40000,15:23:21 23 Sep 2022
,House,_deluxe,9/23/22,,,390,40000,15:23:21 23 Sep 2022
,House,_deluxe,9/23/22,,,39,40000,15:23:21 23 Sep 2022
,House,_deluxe,9/23/22,,,389,40000,15:23:21 23 Sep 2022
,House,_deluxe,9/23/22,,,388,40000,15:23:21 23 Sep 2022
,House,_deluxe,9/23/22,,,387,40000,15:23:21 23 Sep 2022
,House,_deluxe,9/23/22,,,386,40000,15:23:21 23 Sep 2022
,House,_deluxe,9/23/22,,,385,40000,15:23:21 23 Sep 2022
,House,_deluxe,9/23/22,,,384,40000,15:23:21 23 Sep 2022
,House,_deluxe,9/23/22,,,383,40000,15:23:21 23 Sep 2022
,House,_deluxe,9/23/22,,,382,40000,15:23:21 23 Sep 2022
,House,_deluxe,9/23/22,,,381,40000,15:23:21 23 Sep 2022
,House,_deluxe,9/23/22,,,380,40000,15:23:21 23 Sep 2022
,House,_deluxe,9/23/22,,,38,40000,15:23:21 23 Sep 2022
,House,_deluxe,9/23/22,,,379,40000,15:23:21 23 Sep 2022
,House,_deluxe,9/23/22,,,378,40000,15:23:21 23 Sep 2022
,House,_deluxe,9/23/22,,,377,40000,15:23:21 23 Sep 2022
,House,_deluxe,9/23/22,,,376,40000,15:23:21 23 Sep 2022
,House,_deluxe,9/23/22,,,375,40000,15:23:21 23 Sep 2022
,House,_deluxe,9/23/22,,,374,40000,15:23:21 23 Sep 2022
,House,_deluxe,9/23/22,,,373,40000,15:23:21 23 Sep 2022
,House,_deluxe,9/23/22,,,372,40000,15:23:21 23 Sep 2022
,House,_deluxe,9/23/22,,,371,40000,15:23:21 23 Sep 2022
,House,_deluxe,9/23/22,,,370,40000,15:23:21 23 Sep 2022
,House,_deluxe,9/23/22,,,37,40000,15:23:21 23 Sep 2022
,House,_deluxe,9/23/22,,,369,40000,15:23:21 23 Sep 2022
,House,_deluxe,9/23/22,,,368,40000,15:23:21 23 Sep 2022
,House,_deluxe,9/23/22,,,367,40000,15:23:21 23 Sep 2022
,House,_deluxe,9/23/22,,,366,40000,15:23:21 23 Sep 2022
,House,_deluxe,9/23/22,,,365,40000,15:23:21 23 Sep 2022
,House,_deluxe,9/23/22,,,364,40000,15:23:21 23 Sep 2022
,House,_deluxe,9/23/22,,,363,40000,15:23:21 23 Sep 2022
,House,_deluxe,9/23/22,,,362,40000,15:23:21 23 Sep 2022
,House,_deluxe,9/23/22,,,361,40000,15:23:21 23 Sep 2022
,House,_deluxe,9/23/22,,,360,40000,15:23:21 23 Sep 2022
,House,_deluxe,9/23/22,,,36,40000,15:23:21 23 Sep 2022
,House,_deluxe,9/23/22,,,359,40000,15:23:21 23 Sep 2022
,House,_deluxe,9/23/22,,,358,40000,15:23:21 23 Sep 2022
,House,_deluxe,9/23/22,,,357,40000,15:23:21 23 Sep 2022
,House,_deluxe,9/23/22,,,356,40000,15:23:21 23 Sep 2022
,House,_deluxe,9/23/22,,,355,40000,15:23:21 23 Sep 2022
,House,_deluxe,9/23/22,,,354,40000,15:23:21 23 Sep 2022
,House,_deluxe,9/23/22,,,353,40000,15:23:21 23 Sep 2022
,House,_deluxe,9/23/22,,,352,40000,15:23:21 23 Sep 2022
,House,_deluxe,9/23/22,,,351,40000,15:23:21 23 Sep 2022
,House,_deluxe,9/23/22,,,350,40000,15:23:21 23 Sep 2022
,House,_deluxe,9/23/22,,,35,40000,15:23:21 23 Sep 2022
,House,_deluxe,9/23/22,,,349,40000,15:23:21 23 Sep 2022
,House,_deluxe,9/23/22,,,348,40000,15:23:21 23 Sep 2022
,House,_deluxe,9/23/22,,,347,40000,15:23:21 23 Sep 2022
,House,_deluxe,9/23/22,,,346,40000,15:23:21 23 Sep 2022
,House,_deluxe,9/23/22,,,345,40000,15:23:21 23 Sep 2022
,House,_deluxe,9/23/22,,,344,40000,15:23:21 23 Sep 2022
,House,_deluxe,9/23/22,,,343,40000,15:23:21 23 Sep 2022
,House,_deluxe,9/23/22,,,342,40000,15:23:21 23 Sep 2022
,House,_deluxe,9/23/22,,,341,40000,15:23:21 23 Sep 2022
,House,_deluxe,9/23/22,,,340,40000,15:23:21 23 Sep 2022
,House,_deluxe,9/23/22,,,34,40000,15:23:21 23 Sep 2022
,House,_deluxe,9/23/22,,,339,40000,15:23:21 23 Sep 2022
,House,_deluxe,9/23/22,,,338,40000,15:23:21 23 Sep 2022
,House,_deluxe,9/23/22,,,337,40000,15:23:21 23 Sep 2022
,House,_deluxe,9/23/22,,,336,40000,15:23:21 23 Sep 2022
,House,_deluxe,9/23/22,,,335,40000,15:23:21 23 Sep 2022
,House,_deluxe,9/23/22,,,334,40000,15:23:21 23 Sep 2022
,House,_deluxe,9/23/22,,,333,40000,15:23:21 23 Sep 2022
,House,_deluxe,9/23/22,,,332,40000,15:23:21 23 Sep 2022
,House,_deluxe,9/23/22,,,331,40000,15:23:21 23 Sep 2022
,House,_deluxe,9/23/22,,,330,40000,15:23:21 23 Sep 2022
,House,_deluxe,9/23/22,,,33,40000,15:23:21 23 Sep 2022
,House,_deluxe,9/23/22,,,329,40000,15:23:21 23 Sep 2022
,House,_deluxe,9/23/22,,,328,40000,15:23:21 23 Sep 2022
,House,_deluxe,9/23/22,,,327,40000,15:23:21 23 Sep 2022
,House,_deluxe,9/23/22,,,326,40000,15:23:21 23 Sep 2022
,House,_deluxe,9/23/22,,,325,40000,15:23:21 23 Sep 2022
,House,_deluxe,9/23/22,,,324,40000,15:23:21 23 Sep 2022
,House,_deluxe,9/23/22,,,323,40000,15:23:21 23 Sep 2022
,House,_deluxe,9/23/22,,,322,40000,15:23:21 23 Sep 2022
,House,_deluxe,9/23/22,,,321,40000,15:23:21 23 Sep 2022
,House,_deluxe,9/23/22,,,320,40000,15:23:21 23 Sep 2022
,House,_deluxe,9/23/22,,,32,40000,15:23:21 23 Sep 2022
,House,_deluxe,9/23/22,,.000025,319,40000,15:23:21 23 Sep 2022
,House,_deluxe,9/23/22,,,318,40000,15:23:21 23 Sep 2022
,House,_deluxe,9/23/22,,,317,40000,15:23:21 23 Sep 2022
,House,_deluxe,9/23/22,,,316,40000,15:23:21 23 Sep 2022
,House,_deluxe,9/23/22,,,315,40000,15:23:21 23 Sep 2022
,House,_deluxe,9/23/22,,,314,40000,15:23:21 23 Sep 2022
,House,_deluxe,9/23/22,,,313,40000,15:23:21 23 Sep 2022
,House,_deluxe,9/23/22,,,312,40000,15:23:21 23 Sep 2022
,House,_deluxe,9/23/22,,.000025,310,40000,15:23:21 23 Sep 2022
,House,_deluxe,9/23/22,,,31,40000,15:23:21 23 Sep 2022
,House,_deluxe,9/23/22,,,309,40000,15:23:21 23 Sep 2022
,House,_deluxe,9/23/22,.000025,.000025,308,40000,15:23:21 23 Sep 2022
,House,_deluxe,9/23/22,,,307,40000,15:23:21 23 Sep 2022
,House,_deluxe,9/23/22,,,306,40000,15:23:21 23 Sep 2022
,House,_deluxe,9/23/22,,,305,40000,15:23:21 23 Sep 2022
,House,_deluxe,9/23/22,,,304,40000,15:23:21 23 Sep 2022
,House,_deluxe,9/23/22,,,303,40000,15:23:21 23 Sep 2022
,House,_deluxe,9/23/22,,,302,40000,15:23:21 23 Sep 2022
,House,_deluxe,9/23/22,,.000025,301,40000,15:23:21 23 Sep 2022
,House,_deluxe,9/23/22,,.000025,300,40000,15:23:21 23 Sep 2022
,House,_deluxe,9/23/22,,,30,40000,15:23:21 23 Sep 2022
,House,_deluxe,9/23/22,,,3,40000,15:23:21 23 Sep 2022
,House,_deluxe,9/23/22,,,299,40000,15:23:21 23 Sep 2022
,House,_deluxe,9/23/22,,,298,40000,15:23:21 23 Sep 2022
,House,_deluxe,9/23/22,,,297,40000,15:23:21 23 Sep 2022
,House,_deluxe,9/23/22,,,296,40000,15:23:21 23 Sep 2022
,House,_deluxe,9/23/22,,.000025,295,40000,15:23:21 23 Sep 2022
,House,_deluxe,9/23/22,,,294,40000,15:23:21 23 Sep 2022
,House,_deluxe,9/23/22,,,293,40000,15:23:21 23 Sep 2022
,House,_deluxe,9/23/22,,.000025,291,40000,15:23:21 23 Sep 2022
,House,_deluxe,9/23/22,,.0001,290,40000,15:23:21 23 Sep 2022
,House,_deluxe,9/23/22,,,29,40000,15:23:21 23 Sep 2022
,House,_deluxe,9/23/22,,.00005,289,40000,15:23:21 23 Sep 2022
,House,_deluxe,9/23/22,.000025,.000025,288,40000,15:23:21 23 Sep 2022
,House,_deluxe,9/23/22,,.00005,287,40000,15:23:21 23 Sep 2022
,House,_deluxe,9/23/22,,,286,40000,15:23:21 23 Sep 2022
,House,_deluxe,9/23/22,,.000075,285,40000,15:23:21 23 Sep 2022
,House,_deluxe,9/23/22,,.00005,284,40000,15:23:21 23 Sep 2022
,House,_deluxe,9/23/22,,.00005,283,40000,15:23:21 23 Sep 2022
,House,_deluxe,9/23/22,,,282,40000,15:23:21 23 Sep 2022
,House,_deluxe,9/23/22,,.000025,281,40000,15:23:21 23 Sep 2022
,House,_deluxe,9/23/22,,,280,40000,15:23:21 23 Sep 2022
,House,_deluxe,9/23/22,,,28,40000,15:23:21 23 Sep 2022
,House,_deluxe,9/23/22,,.000225,278,40000,15:23:21 23 Sep 2022
,House,_deluxe,9/23/22,,.00005,276,40000,15:23:21 23 Sep 2022
,House,_deluxe,9/23/22,,,27,40000,15:23:21 23 Sep 2022
,House,_deluxe,9/23/22,,,26,40000,15:23:21 23 Sep 2022
,House,_deluxe,9/23/22,,,25,40000,15:23:21 23 Sep 2022
,House,_deluxe,9/23/22,,,24,40000,15:23:21 23 Sep 2022
,House,_deluxe,9/23/22,,,23,40000,15:23:21 23 Sep 2022
,House,_deluxe,9/23/22,,,22,40000,15:23:21 23 Sep 2022
,House,_deluxe,9/23/22,,,21,40000,15:23:21 23 Sep 2022
2022,House,_deluxe,9/23/22,,,311,40000,15:23:21 23 Sep 2022
2022,House,_deluxe,9/23/22,,.000025,292,40000,15:23:21 23 Sep 2022
2022,House,_deluxe,9/23/22,,.00015,279,40000,15:23:21 23 Sep 2022
2022,House,_deluxe,9/23/22,.000025,.000175,277,40000,15:23:21 23 Sep 2022
2022,House,_deluxe,9/23/22,,.000175,275,40000,15:23:21 23 Sep 2022
2022,House,_deluxe,9/23/22,,.000225,274,40000,15:23:21 23 Sep 2022
2022,House,_deluxe,9/23/22,,.0002,273,40000,15:23:21 23 Sep 2022
2022,House,_deluxe,9/23/22,,.0003,272,40000,15:23:21 23 Sep 2022
2022,House,_deluxe,9/23/22,.000025,.00045,271,40000,15:23:21 23 Sep 2022
2022,House,_deluxe,9/23/22,,.000575,270,40000,15:23:21 23 Sep 2022
2022,House,_deluxe,9/23/22,,.00055,269,40000,15:23:21 23 Sep 2022
2022,House,_deluxe,9/23/22,.000075,.000625,268,40000,15:23:21 23 Sep 2022
2022,House,_deluxe,9/23/22,.000025,.0004,267,40000,15:23:21 23 Sep 2022
2022,House,_deluxe,9/23/22,.0001,.000875,266,40000,15:23:21 23 Sep 2022
2022,House,_deluxe,9/23/22,.000025,.000875,265,40000,15:23:21 23 Sep 2022
2022,House,_deluxe,9/23/22,.000025,.00115,264,40000,15:23:21 23 Sep 2022
2022,House,_deluxe,9/23/22,.00005,.001425,263,40000,15:23:21 23 Sep 2022
2022,House,_deluxe,9/23/22,.00005,.00155,262,40000,15:23:21 23 Sep 2022
2022,House,_deluxe,9/23/22,.00005,.0015,261,40000,15:23:21 23 Sep 2022
2022,House,_deluxe,9/23/22,.000075,.0019,260,40000,15:23:21 23 Sep 2022
2022,House,_deluxe,9/23/22,.000025,.002075,259,40000,15:23:21 23 Sep 2022
2022,House,_deluxe,9/23/22,.000125,.002175,258,40000,15:23:21 23 Sep 2022
2022,House,_deluxe,9/23/22,.0001,.002825,257,40000,15:23:21 23 Sep 2022
2022,House,_deluxe,9/23/22,.00015,.003275,256,40000,15:23:21 23 Sep 2022
2022,House,_deluxe,9/23/22,.0002,.0032,255,40000,15:23:21 23 Sep 2022
2022,House,_deluxe,9/23/22,.000275,.004325,254,40000,15:23:21 23 Sep 2022
2022,House,_deluxe,9/23/22,.00025,.003525,253,40000,15:23:21 23 Sep 2022
2022,House,_deluxe,9/23/22,.000325,.00465,252,40000,15:23:21 23 Sep 2022
2022,House,_deluxe,9/23/22,.00015,.005275,251,40000,15:23:21 23 Sep 2022
2022,House,_deluxe,9/23/22,.0005,.00535,250,40000,15:23:21 23 Sep 2022
2022,House,_deluxe,9/23/22,.00045,.00565,249,40000,15:23:21 23 Sep 2022
2022,House,_deluxe,9/23/22,.000525,.0065,248,40000,15:23:21 23 Sep 2022
2022,House,_deluxe,9/23/22,.000725,.00745,247,40000,15:23:21 23 Sep 2022
2022,House,_deluxe,9/23/22,.0006,.0079,246,40000,15:23:21 23 Sep 2022
2022,House,_deluxe,9/23/22,.00095,.0084,245,40000,15:23:21 23 Sep 2022
2022,House,_deluxe,9/23/22,.001,.009475,244,40000,15:23:21 23 Sep 2022
2022,House,_deluxe,9/23/22,.001425,.010375,243,40000,15:23:21 23 Sep 2022
2022,House,_deluxe,9/23/22,.001575,.01225,242,40000,15:23:21 23 Sep 2022
2022,House,_deluxe,9/23/22,.00185,.01215,241,40000,15:23:21 23 Sep 2022
2022,House,_deluxe,9/23/22,.002325,.0132,240,40000,15:23:21 23 Sep 2022
2022,House,_deluxe,9/23/22,.002,.014925,239,40000,15:23:21 23 Sep 2022
2022,House,_deluxe,9/23/22,.003175,.01585,238,40000,15:23:21 23 Sep 2022
2022,House,_deluxe,9/23/22,.003775,.0172,237,40000,15:23:21 23 Sep 2022
2022,House,_deluxe,9/23/22,.00505,.01735,236,40000,15:23:21 23 Sep 2022
2022,House,_deluxe,9/23/22,.005475,.018925,235,40000,15:23:21 23 Sep 2022
2022,House,_deluxe,9/23/22,.005575,.020675,234,40000,15:23:21 23 Sep 2022
2022,House,_deluxe,9/23/22,.0074,.0215,233,40000,15:23:21 23 Sep 2022
2022,House,_deluxe,9/23/22,.008725,.023975,232,40000,15:23:21 23 Sep 2022
2022,House,_deluxe,9/23/22,.008275,.022875,231,40000,15:23:21 23 Sep 2022
2022,House,_deluxe,9/23/22,.011325,.024375,230,40000,15:23:21 23 Sep 2022
2022,House,_deluxe,9/23/22,.0115,.0256,229,40000,15:23:21 23 Sep 2022
2022,House,_deluxe,9/23/22,.013375,.02645,228,40000,15:23:21 23 Sep 2022
2022,House,_deluxe,9/23/22,.0163,.028375,227,40000,15:23:21 23 Sep 2022
2022,House,_deluxe,9/23/22,.016375,.02805,226,40000,15:23:21 23 Sep 2022
2022,House,_deluxe,9/23/22,.01795,.029225,225,40000,15:23:21 23 Sep 2022
2022,House,_deluxe,9/23/22,.020075,.029225,224,40000,15:23:21 23 Sep 2022
2022,House,_deluxe,9/23/22,.021825,.0294,223,40000,15:23:21 23 Sep 2022
2022,House,_deluxe,9/23/22,.021925,.0311,222,40000,15:23:21 23 Sep 2022
2022,House,_deluxe,9/23/22,.024325,.0296,221,40000,15:23:21 23 Sep 2022
2022,House,_deluxe,9/23/22,.025125,.02905,220,40000,15:23:21 23 Sep 2022
2022,House,_deluxe,9/23/22,.025675,.02915,219,40000,15:23:21 23 Sep 2022
2022,House,_deluxe,9/23/22,.026575,.0272,218,40000,15:23:21 23 Sep 2022
2022,House,_deluxe,9/23/22,.0272,.026575,217,40000,15:23:21 23 Sep 2022
2022,House,_deluxe,9/23/22,.02915,.025675,216,40000,15:23:21 23 Sep 2022
2022,House,_deluxe,9/23/22,.02905,.025125,215,40000,15:23:21 23 Sep 2022
2022,House,_deluxe,9/23/22,.0296,.024325,214,40000,15:23:21 23 Sep 2022
2022,House,_deluxe,9/23/22,.0311,.021925,213,40000,15:23:21 23 Sep 2022
2022,House,_deluxe,9/23/22,.0294,.021825,212,40000,15:23:21 23 Sep 2022
2022,House,_deluxe,9/23/22,.029225,.020075,211,40000,15:23:21 23 Sep 2022
2022,House,_deluxe,9/23/22,.029225,.01795,210,40000,15:23:21 23 Sep 2022
2022,House,_deluxe,9/23/22,.02805,.016375,209,40000,15:23:21 23 Sep 2022
2022,House,_deluxe,9/23/22,.028375,.0163,208,40000,15:23:21 23 Sep 2022
2022,House,_deluxe,9/23/22,.02645,.013375,207,40000,15:23:21 23 Sep 2022
2022,House,_deluxe,9/23/22,.0256,.0115,206,40000,15:23:21 23 Sep 2022
2022,House,_deluxe,9/23/22,.024375,.011325,205,40000,15:23:21 23 Sep 2022
2022,House,_deluxe,9/23/22,.022875,.008275,204,40000,15:23:21 23 Sep 2022
2022,House,_deluxe,9/23/22,.023975,.008725,203,40000,15:23:21 23 Sep 2022
2022,House,_deluxe,9/23/22,.0215,.0074,202,40000,15:23:21 23 Sep 2022
2022,House,_deluxe,9/23/22,.020675,.005575,201,40000,15:23:21 23 Sep 2022
2022,House,_deluxe,9/23/22,.018925,.005475,200,40000,15:23:21 23 Sep 2022
2022,House,_deluxe,9/23/22,.01735,.00505,199,40000,15:23:21 23 Sep 2022
2022,House,_deluxe,9/23/22,.0172,.003775,198,40000,15:23:21 23 Sep 2022
2022,House,_deluxe,9/23/22,.01585,.003175,197,40000,15:23:21 23 Sep 2022
2022,House,_deluxe,9/23/22,.014925,.002,196,40000,15:23:21 23 Sep 2022
2022,House,_deluxe,9/23/22,.0132,.002325,195,40000,15:23:21 23 Sep 2022
2022,House,_deluxe,9/23/22,.01215,.00185,194,40000,15:23:21 23 Sep 2022
2022,House,_deluxe,9/23/22,.01225,.001575,193,40000,15:23:21 23 Sep 2022
2022,House,_deluxe,9/23/22,.010375,.001425,192,40000,15:23:21 23 Sep 2022
2022,House,_deluxe,9/23/22,.009475,.001,191,40000,15:23:21 23 Sep 2022
2022,House,_deluxe,9/23/22,.0084,.00095,190,40000,15:23:21 23 Sep 2022
2022,House,_deluxe,9/23/22,.0079,.0006,189,40000,15:23:21 23 Sep 2022
2022,House,_deluxe,9/23/22,.00745,.000725,188,40000,15:23:21 23 Sep 2022
2022,House,_deluxe,9/23/22,.0065,.000525,187,40000,15:23:21 23 Sep 2022
2022,House,_deluxe,9/23/22,.00565,.00045,186,40000,15:23:21 23 Sep 2022
2022,House,_deluxe,9/23/22,.00535,.0005,185,40000,15:23:21 23 Sep 2022
2022,House,_deluxe,9/23/22,.005275,.00015,184,40000,15:23:21 23 Sep 2022
2022,House,_deluxe,9/23/22,.00465,.000325,183,40000,15:23:21 23 Sep 2022
2022,House,_deluxe,9/23/22,.003525,.00025,182,40000,15:23:21 23 Sep 2022
2022,House,_deluxe,9/23/22,.004325,.000275,181,40000,15:23:21 23 Sep 2022
2022,House,_deluxe,9/23/22,.0032,.0002,180,40000,15:23:21 23 Sep 2022
2022,House,_deluxe,9/23/22,.003275,.00015,179,40000,15:23:21 23 Sep 2022
2022,House,_deluxe,9/23/22,.002825,.0001,178,40000,15:23:21 23 Sep 2022
2022,House,_deluxe,9/23/22,.002175,.000125,177,40000,15:23:21 23 Sep 2022
2022,House,_deluxe,9/23/22,.002075,.000025,176,40000,15:23:21 23 Sep 2022
2022,House,_deluxe,9/23/22,.0019,.000075,175,40000,15:23:21 23 Sep 2022
2022,House,_deluxe,9/23/22,.0015,.00005,174,40000,15:23:21 23 Sep 2022
2022,House,_deluxe,9/23/22,.00155,.00005,173,40000,15:23:21 23 Sep 2022
2022,House,_deluxe,9/23/22,.001425,.00005,172,40000,15:23:21 23 Sep 2022
2022,House,_deluxe,9/23/22,.00115,.000025,171,40000,15:23:21 23 Sep 2022
2022,House,_deluxe,9/23/22,.000875,.000025,170,40000,15:23:21 23 Sep 2022
2022,House,_deluxe,9/23/22,.000875,.0001,169,40000,15:23:21 23 Sep 2022
2022,House,_deluxe,9/23/22,.0004,.000025,168,40000,15:23:21 23 Sep 2022
2022,House,_deluxe,9/23/22,.000625,.000075,167,40000,15:23:21 23 Sep 2022
2022,House,_deluxe,9/23/22,.00055,,166,40000,15:23:21 23 Sep 2022
2022,House,_deluxe,9/23/22,.000575,,165,40000,15:23:21 23 Sep 2022
2022,House,_deluxe,9/23/22,.00045,.000025,164,40000,15:23:21 23 Sep 2022
2022,House,_deluxe,9/23/22,.0003,,163,40000,15:23:21 23 Sep 2022
2022,House,_deluxe,9/23/22,.0002,,162,40000,15:23:21 23 Sep 2022
2022,House,_deluxe,9/23/22,.000225,,161,40000,15:23:21 23 Sep 2022
2022,House,_deluxe,9/23/22,.000175,,160,40000,15:23:21 23 Sep 2022
2022,House,_deluxe,9/23/22,.00005,,159,40000,15:23:21 23 Sep 2022
2022,House,_deluxe,9/23/22,.000175,.000025,158,40000,15:23:21 23 Sep 2022
2022,House,_deluxe,9/23/22,.000225,,157,40000,15:23:21 23 Sep 2022
2022,House,_deluxe,9/23/22,.00015,,156,40000,15:23:21 23 Sep 2022
2022,House,_deluxe,9/23/22,,,155,40000,15:23:21 23 Sep 2022
2022,House,_deluxe,9/23/22,.000025,,154,40000,15:23:21 23 Sep 2022
2022,House,_deluxe,9/23/22,,,153,40000,15:23:21 23 Sep 2022
2022,House,_deluxe,9/23/22,.00005,,152,40000,15:23:21 23 Sep 2022
2022,House,_deluxe,9/23/22,.00005,,151,40000,15:23:21 23 Sep 2022
2022,House,_deluxe,9/23/22,.000075,,150,40000,15:23:21 23 Sep 2022
2022,House,_deluxe,9/23/22,,,149,40000,15:23:21 23 Sep 2022
2022,House,_deluxe,9/23/22,.00005,,148,40000,15:23:21 23 Sep 2022
2022,House,_deluxe,9/23/22,.000025,.000025,147,40000,15:23:21 23 Sep 2022
2022,House,_deluxe,9/23/22,.000025,,144,40000,15:23:21 23 Sep 2022
2022,House,_deluxe,9/23/22,.000025,,143,40000,15:23:21 23 Sep 2022
2022,House,_deluxe,9/23/22,,,142,40000,15:23:21 23 Sep 2022
2022,House,_deluxe,9/23/22,,,141,40000,15:23:21 23 Sep 2022
2022,House,_deluxe,9/23/22,.000025,,140,40000,15:23:21 23 Sep 2022
2022,House,_deluxe,9/23/22,,,136,40000,15:23:21 23 Sep 2022
2022,House,_deluxe,9/23/22,.000025,,135,40000,15:23:21 23 Sep 2022
2022,House,_deluxe,9/23/22,,,131,40000,15:23:21 23 Sep 2022
2022,House,_deluxe,9/23/22,,,130,40000,15:23:21 23 Sep 2022
2022,House,_deluxe,9/23/22,,,128,40000,15:23:21 23 Sep 2022
2022,House,_deluxe,9/23/22,.000025,,125,40000,15:23:21 23 Sep 2022
2022,House,_deluxe,9/23/22,,,121,40000,15:23:21 23 Sep 2022
2022,House,_deluxe,9/23/22,,,113,40000,15:23:21 23 Sep 2022
,House,_deluxe,9/23/22,,,20,40000,15:23:21 23 Sep 2022
,House,_deluxe,9/23/22,,,2,40000,15:23:21 23 Sep 2022
,House,_deluxe,9/23/22,,,19,40000,15:23:21 23 Sep 2022
,House,_deluxe,9/23/22,,,18,40000,15:23:21 23 Sep 2022
,House,_deluxe,9/23/22,,,17,40000,15:23:21 23 Sep 2022
,House,_deluxe,9/23/22,,,16,40000,15:23:21 23 Sep 2022
,House,_deluxe,9/23/22,,,15,40000,15:23:21 23 Sep 2022
,House,_deluxe,9/23/22,.00005,,146,40000,15:23:21 23 Sep 2022
,House,_deluxe,9/23/22,.0001,,145,40000,15:23:21 23 Sep 2022
,House,_deluxe,9/23/22,,,14,40000,15:23:21 23 Sep 2022
,House,_deluxe,9/23/22,,,139,40000,15:23:21 23 Sep 2022
,House,_deluxe,9/23/22,,,138,40000,15:23:21 23 Sep 2022
,House,_deluxe,9/23/22,,,137,40000,15:23:21 23 Sep 2022
,House,_deluxe,9/23/22,.000025,,134,40000,15:23:21 23 Sep 2022
,House,_deluxe,9/23/22,,,133,40000,15:23:21 23 Sep 2022
,House,_deluxe,9/23/22,,,132,40000,15:23:21 23 Sep 2022
,House,_deluxe,9/23/22,,,13,40000,15:23:21 23 Sep 2022
,House,_deluxe,9/23/22,,,129,40000,15:23:21 23 Sep 2022
,House,_deluxe,9/23/22,.000025,.000025,127,40000,15:23:21 23 Sep 2022
,House,_deluxe,9/23/22,,,126,40000,15:23:21 23 Sep 2022
,House,_deluxe,9/23/22,,,124,40000,15:23:21 23 Sep 2022
,House,_deluxe,9/23/22,,,123,40000,15:23:21 23 Sep 2022
,House,_deluxe,9/23/22,,,122,40000,15:23:21 23 Sep 2022
,House,_deluxe,9/23/22,,,120,40000,15:23:21 23 Sep 2022
,House,_deluxe,9/23/22,,,12,40000,15:23:21 23 Sep 2022
,House,_deluxe,9/23/22,,,119,40000,15:23:21 23 Sep 2022
,House,_deluxe,9/23/22,,,118,40000,15:23:21 23 Sep 2022
,House,_deluxe,9/23/22,,,117,40000,15:23:21 23 Sep 2022
,House,_deluxe,9/23/22,.000025,,116,40000,15:23:21 23 Sep 2022
,House,_deluxe,9/23/22,,,115,40000,15:23:21 23 Sep 2022
,House,_deluxe,9/23/22,,,114,40000,15:23:21 23 Sep 2022
,House,_deluxe,9/23/22,,,112,40000,15:23:21 23 Sep 2022
,House,_deluxe,9/23/22,,,111,40000,15:23:21 23 Sep 2022
,House,_deluxe,9/23/22,,,110,40000,15:23:21 23 Sep 2022
,House,_deluxe,9/23/22,,,11,40000,15:23:21 23 Sep 2022
,House,_deluxe,9/23/22,,,109,40000,15:23:21 23 Sep 2022
,House,_deluxe,9/23/22,,,108,40000,15:23:21 23 Sep 2022
,House,_deluxe,9/23/22,,,107,40000,15:23:21 23 Sep 2022
,House,_deluxe,9/23/22,,,106,40000,15:23:21 23 Sep 2022
,House,_deluxe,9/23/22,,,105,40000,15:23:21 23 Sep 2022
,House,_deluxe,9/23/22,,,104,40000,15:23:21 23 Sep 2022
,House,_deluxe,9/23/22,,,103,40000,15:23:21 23 Sep 2022
,House,_deluxe,9/23/22,,,102,40000,15:23:21 23 Sep 2022
,House,_deluxe,9/23/22,,,101,40000,15:23:21 23 Sep 2022
,House,_deluxe,9/23/22,,,100,40000,15:23:21 23 Sep 2022
,House,_deluxe,9/23/22,,,10,40000,15:23:21 23 Sep 2022
,House,_deluxe,9/23/22,,,1,40000,15:23:21 23 Sep 2022
,House,_deluxe,9/23/22,,,0,40000,15:23:21 23 Sep 2022
,House,_classic,9/23/22,,,99,40000,15:23:21 23 Sep 2022
,House,_classic,9/23/22,,,98,40000,15:23:21 23 Sep 2022
,House,_classic,9/23/22,,,97,40000,15:23:21 23 Sep 2022
,House,_classic,9/23/22,,,96,40000,15:23:21 23 Sep 2022
,House,_classic,9/23/22,,,95,40000,15:23:21 23 Sep 2022
,House,_classic,9/23/22,,,94,40000,15:23:21 23 Sep 2022
,House,_classic,9/23/22,,,93,40000,15:23:21 23 Sep 2022
,House,_classic,9/23/22,,,92,40000,15:23:21 23 Sep 2022
,House,_classic,9/23/22,,,91,40000,15:23:21 23 Sep 2022
,House,_classic,9/23/22,,,90,40000,15:23:21 23 Sep 2022
,House,_classic,9/23/22,,,9,40000,15:23:21 23 Sep 2022
,House,_classic,9/23/22,,,89,40000,15:23:21 23 Sep 2022
,House,_classic,9/23/22,,,88,40000,15:23:21 23 Sep 2022
,House,_classic,9/23/22,,,87,40000,15:23:21 23 Sep 2022
,House,_classic,9/23/22,,,86,40000,15:23:21 23 Sep 2022
,House,_classic,9/23/22,,,85,40000,15:23:21 23 Sep 2022
,House,_classic,9/23/22,,,84,40000,15:23:21 23 Sep 2022
,House,_classic,9/23/22,,,83,40000,15:23:21 23 Sep 2022
,House,_classic,9/23/22,,,82,40000,15:23:21 23 Sep 2022
,House,_classic,9/23/22,,,81,40000,15:23:21 23 Sep 2022
,House,_classic,9/23/22,,,80,40000,15:23:21 23 Sep 2022
,House,_classic,9/23/22,,,8,40000,15:23:21 23 Sep 2022
,House,_classic,9/23/22,,,79,40000,15:23:21 23 Sep 2022
,House,_classic,9/23/22,,,78,40000,15:23:21 23 Sep 2022
,House,_classic,9/23/22,,,77,40000,15:23:21 23 Sep 2022
,House,_classic,9/23/22,,,76,40000,15:23:21 23 Sep 2022
,House,_classic,9/23/22,,,75,40000,15:23:21 23 Sep 2022
,House,_classic,9/23/22,,,74,40000,15:23:21 23 Sep 2022
,House,_classic,9/23/22,,,73,40000,15:23:21 23 Sep 2022
,House,_classic,9/23/22,,,72,40000,15:23:21 23 Sep 2022
,House,_classic,9/23/22,,,71,40000,15:23:21 23 Sep 2022
,House,_classic,9/23/22,,,70,40000,15:23:21 23 Sep 2022
,House,_classic,9/23/22,,,7,40000,15:23:21 23 Sep 2022
,House,_classic,9/23/22,,,69,40000,15:23:21 23 Sep 2022
,House,_classic,9/23/22,,,68,40000,15:23:21 23 Sep 2022
,House,_classic,9/23/22,,,67,40000,15:23:21 23 Sep 2022
,House,_classic,9/23/22,,,66,40000,15:23:21 23 Sep 2022
,House,_classic,9/23/22,,,65,40000,15:23:21 23 Sep 2022
,House,_classic,9/23/22,,,64,40000,15:23:21 23 Sep 2022
,House,_classic,9/23/22,,,63,40000,15:23:21 23 Sep 2022
,House,_classic,9/23/22,,,62,40000,15:23:21 23 Sep 2022
,House,_classic,9/23/22,,,61,40000,15:23:21 23 Sep 2022
,House,_classic,9/23/22,,,60,40000,15:23:21 23 Sep 2022
,House,_classic,9/23/22,,,6,40000,15:23:21 23 Sep 2022
,House,_classic,9/23/22,,,59,40000,15:23:21 23 Sep 2022
,House,_classic,9/23/22,,,58,40000,15:23:21 23 Sep 2022
,House,_classic,9/23/22,,,57,40000,15:23:21 23 Sep 2022
,House,_classic,9/23/22,,,56,40000,15:23:21 23 Sep 2022
,House,_classic,9/23/22,,,55,40000,15:23:21 23 Sep 2022
,House,_classic,9/23/22,,,54,40000,15:23:21 23 Sep 2022
,House,_classic,9/23/22,,,53,40000,15:23:21 23 Sep 2022
,House,_classic,9/23/22,,,52,40000,15:23:21 23 Sep 2022
,House,_classic,9/23/22,,,51,40000,15:23:21 23 Sep 2022
,House,_classic,9/23/22,,,50,40000,15:23:21 23 Sep 2022
,House,_classic,9/23/22,,,5,40000,15:23:21 23 Sep 2022
,House,_classic,9/23/22,,,49,40000,15:23:21 23 Sep 2022
,House,_classic,9/23/22,,,48,40000,15:23:21 23 Sep 2022
,House,_classic,9/23/22,,,47,40000,15:23:21 23 Sep 2022
,House,_classic,9/23/22,,,46,40000,15:23:21 23 Sep 2022
,House,_classic,9/23/22,,,45,40000,15:23:21 23 Sep 2022
,House,_classic,9/23/22,,,44,40000,15:23:21 23 Sep 2022
,House,_classic,9/23/22,,,435,40000,15:23:21 23 Sep 2022
,House,_classic,9/23/22,,,434,40000,15:23:21 23 Sep 2022
,House,_classic,9/23/22,,,433,40000,15:23:21 23 Sep 2022
,House,_classic,9/23/22,,,432,40000,15:23:21 23 Sep 2022
,House,_classic,9/23/22,,,431,40000,15:23:21 23 Sep 2022
,House,_classic,9/23/22,,,430,40000,15:23:21 23 Sep 2022
,House,_classic,9/23/22,,,43,40000,15:23:21 23 Sep 2022
,House,_classic,9/23/22,,,429,40000,15:23:21 23 Sep 2022
,House,_classic,9/23/22,,,428,40000,15:23:21 23 Sep 2022
,House,_classic,9/23/22,,,427,40000,15:23:21 23 Sep 2022
,House,_classic,9/23/22,,,426,40000,15:23:21 23 Sep 2022
,House,_classic,9/23/22,,,425,40000,15:23:21 23 Sep 2022
,House,_classic,9/23/22,,,424,40000,15:23:21 23 Sep 2022
,House,_classic,9/23/22,,,423,40000,15:23:21 23 Sep 2022
,House,_classic,9/23/22,,,422,40000,15:23:21 23 Sep 2022
,House,_classic,9/23/22,,,421,40000,15:23:21 23 Sep 2022
,House,_classic,9/23/22,,,420,40000,15:23:21 23 Sep 2022
,House,_classic,9/23/22,,,42,40000,15:23:21 23 Sep 2022
,House,_classic,9/23/22,,,419,40000,15:23:21 23 Sep 2022
,House,_classic,9/23/22,,,418,40000,15:23:21 23 Sep 2022
,House,_classic,9/23/22,,,417,40000,15:23:21 23 Sep 2022
,House,_classic,9/23/22,,,416,40000,15:23:21 23 Sep 2022
,House,_classic,9/23/22,,,415,40000,15:23:21 23 Sep 2022
,House,_classic,9/23/22,,,414,40000,15:23:21 23 Sep 2022
,House,_classic,9/23/22,,,413,40000,15:23:21 23 Sep 2022
,House,_classic,9/23/22,,,412,40000,15:23:21 23 Sep 2022
,House,_classic,9/23/22,,,411,40000,15:23:21 23 Sep 2022
,House,_classic,9/23/22,,,410,40000,15:23:21 23 Sep 2022
,House,_classic,9/23/22,,,41,40000,15:23:21 23 Sep 2022
,House,_classic,9/23/22,,,409,40000,15:23:21 23 Sep 2022
,House,_classic,9/23/22,,,408,40000,15:23:21 23 Sep 2022
,House,_classic,9/23/22,,,407,40000,15:23:21 23 Sep 2022
,House,_classic,9/23/22,,,406,40000,15:23:21 23 Sep 2022
,House,_classic,9/23/22,,,405,40000,15:23:21 23 Sep 2022
,House,_classic,9/23/22,,,404,40000,15:23:21 23 Sep 2022
,House,_classic,9/23/22,,,403,40000,15:23:21 23 Sep 2022
,House,_classic,9/23/22,,,402,40000,15:23:21 23 Sep 2022
,House,_classic,9/23/22,,,401,40000,15:23:21 23 Sep 2022
,House,_classic,9/23/22,,,400,40000,15:23:21 23 Sep 2022
,House,_classic,9/23/22,,,40,40000,15:23:21 23 Sep 2022
,House,_classic,9/23/22,,,4,40000,15:23:21 23 Sep 2022
,House,_classic,9/23/22,,,399,40000,15:23:21 23 Sep 2022
,House,_classic,9/23/22,,,398,40000,15:23:21 23 Sep 2022
,House,_classic,9/23/22,,,397,40000,15:23:21 23 Sep 2022
,House,_classic,9/23/22,,,396,40000,15:23:21 23 Sep 2022
,House,_classic,9/23/22,,,395,40000,15:23:21 23 Sep 2022
,House,_classic,9/23/22,,,394,40000,15:23:21 23 Sep 2022
,House,_classic,9/23/22,,,393,40000,15:23:21 23 Sep 2022
,House,_classic,9/23/22,,,392,40000,15:23:21 23 Sep 2022
,House,_classic,9/23/22,,,391,40000,15:23:21 23 Sep 2022
,House,_classic,9/23/22,,,390,40000,15:23:21 23 Sep 2022
,House,_classic,9/23/22,,,39,40000,15:23:21 23 Sep 2022
,House,_classic,9/23/22,,,389,40000,15:23:21 23 Sep 2022
,House,_classic,9/23/22,,,388,40000,15:23:21 23 Sep 2022
,House,_classic,9/23/22,,,387,40000,15:23:21 23 Sep 2022
,House,_classic,9/23/22,,,386,40000,15:23:21 23 Sep 2022
,House,_classic,9/23/22,,,385,40000,15:23:21 23 Sep 2022
,House,_classic,9/23/22,,,384,40000,15:23:21 23 Sep 2022
,House,_classic,9/23/22,,,383,40000,15:23:21 23 Sep 2022
,House,_classic,9/23/22,,,382,40000,15:23:21 23 Sep 2022
,House,_classic,9/23/22,,,381,40000,15:23:21 23 Sep 2022
,House,_classic,9/23/22,,,380,40000,15:23:21 23 Sep 2022
,House,_classic,9/23/22,,,38,40000,15:23:21 23 Sep 2022
,House,_classic,9/23/22,,,379,40000,15:23:21 23 Sep 2022
,House,_classic,9/23/22,,,378,40000,15:23:21 23 Sep 2022
,House,_classic,9/23/22,,,377,40000,15:23:21 23 Sep 2022
,House,_classic,9/23/22,,,376,40000,15:23:21 23 Sep 2022
,House,_classic,9/23/22,,,375,40000,15:23:21 23 Sep 2022
,House,_classic,9/23/22,,,374,40000,15:23:21 23 Sep 2022
,House,_classic,9/23/22,,,373,40000,15:23:21 23 Sep 2022
,House,_classic,9/23/22,,,372,40000,15:23:21 23 Sep 2022
,House,_classic,9/23/22,,,371,40000,15:23:21 23 Sep 2022
,House,_classic,9/23/22,,,370,40000,15:23:21 23 Sep 2022
,House,_classic,9/23/22,,,37,40000,15:23:21 23 Sep 2022
,House,_classic,9/23/22,,,369,40000,15:23:21 23 Sep 2022
,House,_classic,9/23/22,,,368,40000,15:23:21 23 Sep 2022
,House,_classic,9/23/22,,,367,40000,15:23:21 23 Sep 2022
,House,_classic,9/23/22,,,366,40000,15:23:21 23 Sep 2022
,House,_classic,9/23/22,,,365,40000,15:23:21 23 Sep 2022
,House,_classic,9/23/22,,,364,40000,15:23:21 23 Sep 2022
,House,_classic,9/23/22,,,363,40000,15:23:21 23 Sep 2022
,House,_classic,9/23/22,,,362,40000,15:23:21 23 Sep 2022
,House,_classic,9/23/22,,,361,40000,15:23:21 23 Sep 2022
,House,_classic,9/23/22,,,360,40000,15:23:21 23 Sep 2022
,House,_classic,9/23/22,,,36,40000,15:23:21 23 Sep 2022
,House,_classic,9/23/22,,,359,40000,15:23:21 23 Sep 2022
,House,_classic,9/23/22,,,358,40000,15:23:21 23 Sep 2022
,House,_classic,9/23/22,,,357,40000,15:23:21 23 Sep 2022
,House,_classic,9/23/22,,,356,40000,15:23:21 23 Sep 2022
,House,_classic,9/23/22,,,355,40000,15:23:21 23 Sep 2022
,House,_classic,9/23/22,,,354,40000,15:23:21 23 Sep 2022
,House,_classic,9/23/22,,,353,40000,15:23:21 23 Sep 2022
,House,_classic,9/23/22,,,352,40000,15:23:21 23 Sep 2022
,House,_classic,9/23/22,,,351,40000,15:23:21 23 Sep 2022
,House,_classic,9/23/22,,,350,40000,15:23:21 23 Sep 2022
,House,_classic,9/23/22,,,35,40000,15:23:21 23 Sep 2022
,House,_classic,9/23/22,,,349,40000,15:23:21 23 Sep 2022
,House,_classic,9/23/22,,,348,40000,15:23:21 23 Sep 2022
,House,_classic,9/23/22,,,347,40000,15:23:21 23 Sep 2022
,House,_classic,9/23/22,,,346,40000,15:23:21 23 Sep 2022
,House,_classic,9/23/22,,,345,40000,15:23:21 23 Sep 2022
,House,_classic,9/23/22,,,344,40000,15:23:21 23 Sep 2022
,House,_classic,9/23/22,,,343,40000,15:23:21 23 Sep 2022
,House,_classic,9/23/22,,,342,40000,15:23:21 23 Sep 2022
,House,_classic,9/23/22,,,341,40000,15:23:21 23 Sep 2022
,House,_classic,9/23/22,,,340,40000,15:23:21 23 Sep 2022
,House,_classic,9/23/22,,,34,40000,15:23:21 23 Sep 2022
,House,_classic,9/23/22,,,339,40000,15:23:21 23 Sep 2022
,House,_classic,9/23/22,,,338,40000,15:23:21 23 Sep 2022
,House,_classic,9/23/22,,,337,40000,15:23:21 23 Sep 2022
,House,_classic,9/23/22,,,336,40000,15:23:21 23 Sep 2022
,House,_classic,9/23/22,,,335,40000,15:23:21 23 Sep 2022
,House,_classic,9/23/22,,,334,40000,15:23:21 23 Sep 2022
,House,_classic,9/23/22,,,333,40000,15:23:21 23 Sep 2022
,House,_classic,9/23/22,,,332,40000,15:23:21 23 Sep 2022
,House,_classic,9/23/22,,,331,40000,15:23:21 23 Sep 2022
,House,_classic,9/23/22,,,330,40000,15:23:21 23 Sep 2022
,House,_classic,9/23/22,,,33,40000,15:23:21 23 Sep 2022
,House,_classic,9/23/22,,,329,40000,15:23:21 23 Sep 2022
,House,_classic,9/23/22,,,328,40000,15:23:21 23 Sep 2022
,House,_classic,9/23/22,,,327,40000,15:23:21 23 Sep 2022
,House,_classic,9/23/22,,,326,40000,15:23:21 23 Sep 2022
,House,_classic,9/23/22,,,325,40000,15:23:21 23 Sep 2022
,House,_classic,9/23/22,,,324,40000,15:23:21 23 Sep 2022
,House,_classic,9/23/22,,,323,40000,15:23:21 23 Sep 2022
,House,_classic,9/23/22,,.000025,322,40000,15:23:21 23 Sep 2022
,House,_classic,9/23/22,,,321,40000,15:23:21 23 Sep 2022
,House,_classic,9/23/22,,,320,40000,15:23:21 23 Sep 2022
,House,_classic,9/23/22,,,32,40000,15:23:21 23 Sep 2022
,House,_classic,9/23/22,,,319,40000,15:23:21 23 Sep 2022
,House,_classic,9/23/22,,,318,40000,15:23:21 23 Sep 2022
,House,_classic,9/23/22,,,317,40000,15:23:21 23 Sep 2022
,House,_classic,9/23/22,,,316,40000,15:23:21 23 Sep 2022
,House,_classic,9/23/22,,,315,40000,15:23:21 23 Sep 2022
,House,_classic,9/23/22,,.000025,314,40000,15:23:21 23 Sep 2022
,House,_classic,9/23/22,,,313,40000,15:23:21 23 Sep 2022
,House,_classic,9/23/22,,,312,40000,15:23:21 23 Sep 2022
,House,_classic,9/23/22,,.000025,310,40000,15:23:21 23 Sep 2022
,House,_classic,9/23/22,,,31,40000,15:23:21 23 Sep 2022
,House,_classic,9/23/22,,,309,40000,15:23:21 23 Sep 2022
,House,_classic,9/23/22,,,308,40000,15:23:21 23 Sep 2022
,House,_classic,9/23/22,,.000025,307,40000,15:23:21 23 Sep 2022
,House,_classic,9/23/22,,,306,40000,15:23:21 23 Sep 2022
,House,_classic,9/23/22,,.000025,305,40000,15:23:21 23 Sep 2022
,House,_classic,9/23/22,,.000025,304,40000,15:23:21 23 Sep 2022
,House,_classic,9/23/22,,,303,40000,15:23:21 23 Sep 2022
,House,_classic,9/23/22,,,302,40000,15:23:21 23 Sep 2022
,House,_classic,9/23/22,,,301,40000,15:23:21 23 Sep 2022
,House,_classic,9/23/22,,.000025,300,40000,15:23:21 23 Sep 2022
,House,_classic,9/23/22,,,30,40000,15:23:21 23 Sep 2022
,House,_classic,9/23/22,,,3,40000,15:23:21 23 Sep 2022
,House,_classic,9/23/22,,.000025,299,40000,15:23:21 23 Sep 2022
,House,_classic,9/23/22,,,298,40000,15:23:21 23 Sep 2022
,House,_classic,9/23/22,,,297,40000,15:23:21 23 Sep 2022
,House,_classic,9/23/22,,,296,40000,15:23:21 23 Sep 2022
,House,_classic,9/23/22,,.00005,295,40000,15:23:21 23 Sep 2022
,House,_classic,9/23/22,,.00005,294,40000,15:23:21 23 Sep 2022
,House,_classic,9/23/22,,.00005,293,40000,15:23:21 23 Sep 2022
,House,_classic,9/23/22,,.00005,291,40000,15:23:21 23 Sep 2022
,House,_classic,9/23/22,,,290,40000,15:23:21 23 Sep 2022
,House,_classic,9/23/22,,,29,40000,15:23:21 23 Sep 2022
,House,_classic,9/23/22,,,289,40000,15:23:21 23 Sep 2022
,House,_classic,9/23/22,,.0001,288,40000,15:23:21 23 Sep 2022
,House,_classic,9/23/22,,.000075,287,40000,15:23:21 23 Sep 2022
,House,_classic,9/23/22,,.000075,286,40000,15:23:21 23 Sep 2022
,House,_classic,9/23/22,,.000125,285,40000,15:23:21 23 Sep 2022
,House,_classic,9/23/22,,.000175,284,40000,15:23:21 23 Sep 2022
,House,_classic,9/23/22,,.000175,283,40000,15:23:21 23 Sep 2022
,House,_classic,9/23/22,,.000075,282,40000,15:23:21 23 Sep 2022
,House,_classic,9/23/22,,.000125,281,40000,15:23:21 23 Sep 2022
,House,_classic,9/23/22,,.00025,280,40000,15:23:21 23 Sep 2022
,House,_classic,9/23/22,,,28,40000,15:23:21 23 Sep 2022
,House,_classic,9/23/22,,.00025,278,40000,15:23:21 23 Sep 2022
,House,_classic,9/23/22,,.00035,276,40000,15:23:21 23 Sep 2022
,House,_classic,9/23/22,,,27,40000,15:23:21 23 Sep 2022
,House,_classic,9/23/22,,,26,40000,15:23:21 23 Sep 2022
,House,_classic,9/23/22,,,25,40000,15:23:21 23 Sep 2022
,House,_classic,9/23/22,,,24,40000,15:23:21 23 Sep 2022
,House,_classic,9/23/22,,,23,40000,15:23:21 23 Sep 2022
,House,_classic,9/23/22,,,22,40000,15:23:21 23 Sep 2022
,House,_classic,9/23/22,,,21,40000,15:23:21 23 Sep 2022
2022,House,_classic,9/23/22,.000025,,311,40000,15:23:21 23 Sep 2022
2022,House,_classic,9/23/22,.000025,.000025,292,40000,15:23:21 23 Sep 2022
2022,House,_classic,9/23/22,.000025,.0002,279,40000,15:23:21 23 Sep 2022
2022,House,_classic,9/23/22,.000025,.000375,277,40000,15:23:21 23 Sep 2022
2022,House,_classic,9/23/22,.00005,.000375,275,40000,15:23:21 23 Sep 2022
2022,House,_classic,9/23/22,.000025,.0004,274,40000,15:23:21 23 Sep 2022
2022,House,_classic,9/23/22,.000025,.00055,273,40000,15:23:21 23 Sep 2022
2022,House,_classic,9/23/22,.000075,.000625,272,40000,15:23:21 23 Sep 2022
2022,House,_classic,9/23/22,.000075,.000875,271,40000,15:23:21 23 Sep 2022
2022,House,_classic,9/23/22,.000025,.001075,270,40000,15:23:21 23 Sep 2022
2022,House,_classic,9/23/22,.00005,.001325,269,40000,15:23:21 23 Sep 2022
2022,House,_classic,9/23/22,.000075,.0014,268,40000,15:23:21 23 Sep 2022
2022,House,_classic,9/23/22,.000075,.0015,267,40000,15:23:21 23 Sep 2022
2022,House,_classic,9/23/22,.0001,.0017,266,40000,15:23:21 23 Sep 2022
2022,House,_classic,9/23/22,.00005,.001525,265,40000,15:23:21 23 Sep 2022
2022,House,_classic,9/23/22,.000025,.002125,264,40000,15:23:21 23 Sep 2022
2022,House,_classic,9/23/22,.00015,.0022,263,40000,15:23:21 23 Sep 2022
2022,House,_classic,9/23/22,.0002,.0022,262,40000,15:23:21 23 Sep 2022
2022,House,_classic,9/23/22,.000175,.00265,261,40000,15:23:21 23 Sep 2022
2022,House,_classic,9/23/22,.0003,.0031,260,40000,15:23:21 23 Sep 2022
2022,House,_classic,9/23/22,.0003,.00345,259,40000,15:23:21 23 Sep 2022
2022,House,_classic,9/23/22,.000225,.00335,258,40000,15:23:21 23 Sep 2022
2022,House,_classic,9/23/22,.0004,.004275,257,40000,15:23:21 23 Sep 2022
2022,House,_classic,9/23/22,.000225,.003875,256,40000,15:23:21 23 Sep 2022
2022,House,_classic,9/23/22,.000425,.0053,255,40000,15:23:21 23 Sep 2022
2022,House,_classic,9/23/22,.000575,.005075,254,40000,15:23:21 23 Sep 2022
2022,House,_classic,9/23/22,.000575,.005325,253,40000,15:23:21 23 Sep 2022
2022,House,_classic,9/23/22,.0006,.0061,252,40000,15:23:21 23 Sep 2022
2022,House,_classic,9/23/22,.001175,.00725,251,40000,15:23:21 23 Sep 2022
2022,House,_classic,9/23/22,.000625,.00805,250,40000,15:23:21 23 Sep 2022
2022,House,_classic,9/23/22,.001575,.0081,249,40000,15:23:21 23 Sep 2022
2022,House,_classic,9/23/22,.00135,.009375,248,40000,15:23:21 23 Sep 2022
2022,House,_classic,9/23/22,.001375,.009775,247,40000,15:23:21 23 Sep 2022
2022,House,_classic,9/23/22,.00155,.009775,246,40000,15:23:21 23 Sep 2022
2022,House,_classic,9/23/22,.00185,.010375,245,40000,15:23:21 23 Sep 2022
2022,House,_classic,9/23/22,.0026,.012225,244,40000,15:23:21 23 Sep 2022
2022,House,_classic,9/23/22,.0024,.012875,243,40000,15:23:21 23 Sep 2022
2022,House,_classic,9/23/22,.00275,.01315,242,40000,15:23:21 23 Sep 2022
2022,House,_classic,9/23/22,.0038,.01445,241,40000,15:23:21 23 Sep 2022
2022,House,_classic,9/23/22,.00395,.014275,240,40000,15:23:21 23 Sep 2022
2022,House,_classic,9/23/22,.00485,.01705,239,40000,15:23:21 23 Sep 2022
2022,House,_classic,9/23/22,.004925,.016875,238,40000,15:23:21 23 Sep 2022
2022,House,_classic,9/23/22,.006,.0189,237,40000,15:23:21 23 Sep 2022
2022,House,_classic,9/23/22,.0064,.01765,236,40000,15:23:21 23 Sep 2022
2022,House,_classic,9/23/22,.00695,.018475,235,40000,15:23:21 23 Sep 2022
2022,House,_classic,9/23/22,.007775,.01925,234,40000,15:23:21 23 Sep 2022
2022,House,_classic,9/23/22,.008925,.020775,233,40000,15:23:21 23 Sep 2022
2022,House,_classic,9/23/22,.009575,.0214,232,40000,15:23:21 23 Sep 2022
2022,House,_classic,9/23/22,.01055,.021925,231,40000,15:23:21 23 Sep 2022
2022,House,_classic,9/23/22,.0122,.0233,230,40000,15:23:21 23 Sep 2022
2022,House,_classic,9/23/22,.01265,.0244,229,40000,15:23:21 23 Sep 2022
2022,House,_classic,9/23/22,.013675,.025125,228,40000,15:23:21 23 Sep 2022
2022,House,_classic,9/23/22,.01455,.0243,227,40000,15:23:21 23 Sep 2022
2022,House,_classic,9/23/22,.01455,.023775,226,40000,15:23:21 23 Sep 2022
2022,House,_classic,9/23/22,.0155,.02475,225,40000,15:23:21 23 Sep 2022
2022,House,_classic,9/23/22,.01755,.02475,224,40000,15:23:21 23 Sep 2022
2022,House,_classic,9/23/22,.018475,.02665,223,40000,15:23:21 23 Sep 2022
2022,House,_classic,9/23/22,.019625,.024775,222,40000,15:23:21 23 Sep 2022
2022,House,_classic,9/23/22,.02115,.023425,221,40000,15:23:21 23 Sep 2022
2022,House,_classic,9/23/22,.01955,.024175,220,40000,15:23:21 23 Sep 2022
2022,House,_classic,9/23/22,.02075,.0242,219,40000,15:23:21 23 Sep 2022
2022,House,_classic,9/23/22,.02185,.023325,218,40000,15:23:21 23 Sep 2022
2022,House,_classic,9/23/22,.023325,.02185,217,40000,15:23:21 23 Sep 2022
2022,House,_classic,9/23/22,.0242,.02075,216,40000,15:23:21 23 Sep 2022
2022,House,_classic,9/23/22,.024175,.01955,215,40000,15:23:21 23 Sep 2022
2022,House,_classic,9/23/22,.023425,.02115,214,40000,15:23:21 23 Sep 2022
2022,House,_classic,9/23/22,.024775,.019625,213,40000,15:23:21 23 Sep 2022
2022,House,_classic,9/23/22,.02665,.018475,212,40000,15:23:21 23 Sep 2022
2022,House,_classic,9/23/22,.02475,.01755,211,40000,15:23:21 23 Sep 2022
2022,House,_classic,9/23/22,.02475,.0155,210,40000,15:23:21 23 Sep 2022
2022,House,_classic,9/23/22,.023775,.01455,209,40000,15:23:21 23 Sep 2022
2022,House,_classic,9/23/22,.0243,.01455,208,40000,15:23:21 23 Sep 2022
2022,House,_classic,9/23/22,.025125,.013675,207,40000,15:23:21 23 Sep 2022
2022,House,_classic,9/23/22,.0244,.01265,206,40000,15:23:21 23 Sep 2022
2022,House,_classic,9/23/22,.0233,.0122,205,40000,15:23:21 23 Sep 2022
2022,House,_classic,9/23/22,.021925,.01055,204,40000,15:23:21 23 Sep 2022
2022,House,_classic,9/23/22,.0214,.009575,203,40000,15:23:21 23 Sep 2022
2022,House,_classic,9/23/22,.020775,.008925,202,40000,15:23:21 23 Sep 2022
2022,House,_classic,9/23/22,.01925,.007775,201,40000,15:23:21 23 Sep 2022
2022,House,_classic,9/23/22,.018475,.00695,200,40000,15:23:21 23 Sep 2022
2022,House,_classic,9/23/22,.01765,.0064,199,40000,15:23:21 23 Sep 2022
2022,House,_classic,9/23/22,.0189,.006,198,40000,15:23:21 23 Sep 2022
2022,House,_classic,9/23/22,.016875,.004925,197,40000,15:23:21 23 Sep 2022
2022,House,_classic,9/23/22,.01705,.00485,196,40000,15:23:21 23 Sep 2022
2022,House,_classic,9/23/22,.014275,.00395,195,40000,15:23:21 23 Sep 2022
2022,House,_classic,9/23/22,.01445,.0038,194,40000,15:23:21 23 Sep 2022
2022,House,_classic,9/23/22,.01315,.00275,193,40000,15:23:21 23 Sep 2022
2022,House,_classic,9/23/22,.012875,.0024,192,40000,15:23:21 23 Sep 2022
2022,House,_classic,9/23/22,.012225,.0026,191,40000,15:23:21 23 Sep 2022
2022,House,_classic,9/23/22,.010375,.00185,190,40000,15:23:21 23 Sep 2022
2022,House,_classic,9/23/22,.009775,.00155,189,40000,15:23:21 23 Sep 2022
2022,House,_classic,9/23/22,.009775,.001375,188,40000,15:23:21 23 Sep 2022
2022,House,_classic,9/23/22,.009375,.00135,187,40000,15:23:21 23 Sep 2022
2022,House,_classic,9/23/22,.0081,.001575,186,40000,15:23:21 23 Sep 2022
2022,House,_classic,9/23/22,.00805,.000625,185,40000,15:23:21 23 Sep 2022
2022,House,_classic,9/23/22,.00725,.001175,184,40000,15:23:21 23 Sep 2022
2022,House,_classic,9/23/22,.0061,.0006,183,40000,15:23:21 23 Sep 2022
2022,House,_classic,9/23/22,.005325,.000575,182,40000,15:23:21 23 Sep 2022
2022,House,_classic,9/23/22,.005075,.000575,181,40000,15:23:21 23 Sep 2022
2022,House,_classic,9/23/22,.0053,.000425,180,40000,15:23:21 23 Sep 2022
2022,House,_classic,9/23/22,.003875,.000225,179,40000,15:23:21 23 Sep 2022
2022,House,_classic,9/23/22,.004275,.0004,178,40000,15:23:21 23 Sep 2022
2022,House,_classic,9/23/22,.00335,.000225,177,40000,15:23:21 23 Sep 2022
2022,House,_classic,9/23/22,.00345,.0003,176,40000,15:23:21 23 Sep 2022
2022,House,_classic,9/23/22,.0031,.0003,175,40000,15:23:21 23 Sep 2022
2022,House,_classic,9/23/22,.00265,.000175,174,40000,15:23:21 23 Sep 2022
2022,House,_classic,9/23/22,.0022,.0002,173,40000,15:23:21 23 Sep 2022
2022,House,_classic,9/23/22,.0022,.00015,172,40000,15:23:21 23 Sep 2022
2022,House,_classic,9/23/22,.002125,.000025,171,40000,15:23:21 23 Sep 2022
2022,House,_classic,9/23/22,.001525,.00005,170,40000,15:23:21 23 Sep 2022
2022,House,_classic,9/23/22,.0017,.0001,169,40000,15:23:21 23 Sep 2022
2022,House,_classic,9/23/22,.0015,.000075,168,40000,15:23:21 23 Sep 2022
2022,House,_classic,9/23/22,.0014,.000075,167,40000,15:23:21 23 Sep 2022
2022,House,_classic,9/23/22,.001325,.00005,166,40000,15:23:21 23 Sep 2022
2022,House,_classic,9/23/22,.001075,.000025,165,40000,15:23:21 23 Sep 2022
2022,House,_classic,9/23/22,.000875,.000075,164,40000,15:23:21 23 Sep 2022
2022,House,_classic,9/23/22,.000625,.000075,163,40000,15:23:21 23 Sep 2022
2022,House,_classic,9/23/22,.00055,.000025,162,40000,15:23:21 23 Sep 2022
2022,House,_classic,9/23/22,.0004,.000025,161,40000,15:23:21 23 Sep 2022
2022,House,_classic,9/23/22,.000375,.00005,160,40000,15:23:21 23 Sep 2022
2022,House,_classic,9/23/22,.00035,,159,40000,15:23:21 23 Sep 2022
2022,House,_classic,9/23/22,.000375,.000025,158,40000,15:23:21 23 Sep 2022
2022,House,_classic,9/23/22,.00025,,157,40000,15:23:21 23 Sep 2022
2022,House,_classic,9/23/22,.0002,.000025,156,40000,15:23:21 23 Sep 2022
2022,House,_classic,9/23/22,.00025,,155,40000,15:23:21 23 Sep 2022
2022,House,_classic,9/23/22,.000125,,154,40000,15:23:21 23 Sep 2022
2022,House,_classic,9/23/22,.000075,,153,40000,15:23:21 23 Sep 2022
2022,House,_classic,9/23/22,.000175,,152,40000,15:23:21 23 Sep 2022
2022,House,_classic,9/23/22,.000175,,151,40000,15:23:21 23 Sep 2022
2022,House,_classic,9/23/22,.000125,,150,40000,15:23:21 23 Sep 2022
2022,House,_classic,9/23/22,.000075,,149,40000,15:23:21 23 Sep 2022
2022,House,_classic,9/23/22,.000075,,148,40000,15:23:21 23 Sep 2022
2022,House,_classic,9/23/22,.0001,,147,40000,15:23:21 23 Sep 2022
2022,House,_classic,9/23/22,.00005,,144,40000,15:23:21 23 Sep 2022
2022,House,_classic,9/23/22,.000025,.000025,143,40000,15:23:21 23 Sep 2022
2022,House,_classic,9/23/22,.00005,,142,40000,15:23:21 23 Sep 2022
2022,House,_classic,9/23/22,.00005,,141,40000,15:23:21 23 Sep 2022
2022,House,_classic,9/23/22,.00005,,140,40000,15:23:21 23 Sep 2022
2022,House,_classic,9/23/22,.000025,,136,40000,15:23:21 23 Sep 2022
2022,House,_classic,9/23/22,.000025,,135,40000,15:23:21 23 Sep 2022
2022,House,_classic,9/23/22,.000025,,131,40000,15:23:21 23 Sep 2022
2022,House,_classic,9/23/22,.000025,,130,40000,15:23:21 23 Sep 2022
2022,House,_classic,9/23/22,.000025,,128,40000,15:23:21 23 Sep 2022
2022,House,_classic,9/23/22,.000025,,125,40000,15:23:21 23 Sep 2022
2022,House,_classic,9/23/22,.000025,,121,40000,15:23:21 23 Sep 2022
2022,House,_classic,9/23/22,.000025,,113,40000,15:23:21 23 Sep 2022
,House,_classic,9/23/22,,,20,40000,15:23:21 23 Sep 2022
,House,_classic,9/23/22,,,2,40000,15:23:21 23 Sep 2022
,House,_classic,9/23/22,,,19,40000,15:23:21 23 Sep 2022
,House,_classic,9/23/22,,,18,40000,15:23:21 23 Sep 2022
,House,_classic,9/23/22,,,17,40000,15:23:21 23 Sep 2022
,House,_classic,9/23/22,,,16,40000,15:23:21 23 Sep 2022
,House,_classic,9/23/22,,,15,40000,15:23:21 23 Sep 2022
,House,_classic,9/23/22,,,146,40000,15:23:21 23 Sep 2022
,House,_classic,9/23/22,,,145,40000,15:23:21 23 Sep 2022
,House,_classic,9/23/22,,,14,40000,15:23:21 23 Sep 2022
,House,_classic,9/23/22,,,139,40000,15:23:21 23 Sep 2022
,House,_classic,9/23/22,,,138,40000,15:23:21 23 Sep 2022
,House,_classic,9/23/22,,,137,40000,15:23:21 23 Sep 2022
,House,_classic,9/23/22,,,134,40000,15:23:21 23 Sep 2022
,House,_classic,9/23/22,,,133,40000,15:23:21 23 Sep 2022
,House,_classic,9/23/22,,,132,40000,15:23:21 23 Sep 2022
,House,_classic,9/23/22,,,13,40000,15:23:21 23 Sep 2022
,House,_classic,9/23/22,,,129,40000,15:23:21 23 Sep 2022
,House,_classic,9/23/22,,,127,40000,15:23:21 23 Sep 2022
,House,_classic,9/23/22,,,126,40000,15:23:21 23 Sep 2022
,House,_classic,9/23/22,,.000025,124,40000,15:23:21 23 Sep 2022
,House,_classic,9/23/22,,,123,40000,15:23:21 23 Sep 2022
,House,_classic,9/23/22,,,122,40000,15:23:21 23 Sep 2022
,House,_classic,9/23/22,,,120,40000,15:23:21 23 Sep 2022
,House,_classic,9/23/22,,,12,40000,15:23:21 23 Sep 2022
,House,_classic,9/23/22,,,119,40000,15:23:21 23 Sep 2022
,House,_classic,9/23/22,,,118,40000,15:23:21 23 Sep 2022
,House,_classic,9/23/22,,,117,40000,15:23:21 23 Sep 2022
,House,_classic,9/23/22,,,116,40000,15:23:21 23 Sep 2022
,House,_classic,9/23/22,,,115,40000,15:23:21 23 Sep 2022
,House,_classic,9/23/22,,,114,40000,15:23:21 23 Sep 2022
,House,_classic,9/23/22,,,112,40000,15:23:21 23 Sep 2022
,House,_classic,9/23/22,,,111,40000,15:23:21 23 Sep 2022
,House,_classic,9/23/22,,,110,40000,15:23:21 23 Sep 2022
,House,_classic,9/23/22,,,11,40000,15:23:21 23 Sep 2022
,House,_classic,9/23/22,,,109,40000,15:23:21 23 Sep 2022
,House,_classic,9/23/22,,,108,40000,15:23:21 23 Sep 2022
,House,_classic,9/23/22,,,107,40000,15:23:21 23 Sep 2022
,House,_classic,9/23/22,,,106,40000,15:23:21 23 Sep 2022
,House,_classic,9/23/22,,,105,40000,15:23:21 23 Sep 2022
,House,_classic,9/23/22,,,104,40000,15:23:21 23 Sep 2022
,House,_classic,9/23/22,,,103,40000,15:23:21 23 Sep 2022
,House,_classic,9/23/22,,,102,40000,15:23:21 23 Sep 2022
,House,_classic,9/23/22,,,101,40000,15:23:21 23 Sep 2022
,House,_classic,9/23/22,,,100,40000,15:23:21 23 Sep 2022
,House,_classic,9/23/22,,,10,40000,15:23:21 23 Sep 2022
,House,_classic,9/23/22,,,1,40000,15:23:21 23 Sep 2022
,House,_classic,9/23/22,,,0,40000,15:23:21 23 Sep 2022
