cycle,branch,expression,forecastdate,chamber_Dparty,chamber_Rparty,mean_seats_Dparty,mean_seats_Rparty,median_seats_Dparty,median_seats_Rparty,p90_seats_Dparty,p90_seats_Rparty,p10_seats_Dparty,p10_seats_Rparty,total_national_turnout,p90_total_national_turnout,p10_total_national_turnout,popvote_margin,p90_popvote_margin,p10_popvote_margin,simulations,timestamp
2022,Senate,_lite,9/23/22,.7945,.2055,52.17643,47.82355,52,48,56,52,48,44,7.54e+07,8.24e+07,6.84e+07,3.969742,9.750069,-1.854282,40000,15:23:21 23 Sep 2022
2022,Senate,_lite,9/22/22,.79065,.20935,52.0866,47.9134,52,48,56,52,48,44,7.54e+07,8.23e+07,6.83e+07,3.80711,9.65213,-2.057219,40000,21:10:49 22 Sep 2022
2022,Senate,_lite,9/21/22,.796525,.203475,52.12545,47.87455,52,48,56,52,48,44,7.54e+07,8.24e+07,6.85e+07,3.736961,9.578724,-2.083988,40000,21:10:54 21 Sep 2022
2022,Senate,_lite,9/20/22,.803125,.196875,52.20355,47.79645,52,48,56,52,48,44,7.53e+07,8.22e+07,6.82e+07,3.8932,9.781301,-1.925081,40000,20:13:53 20 Sep 2022
2022,Senate,_lite,9/19/22,.81105,.18895,52.29633,47.70367,53,47,56,52,48,44,7.53e+07,8.23e+07,6.82e+07,3.884842,9.762104,-2.025494,40000,21:41:21 19 Sep 2022
2022,Senate,_lite,9/18/22,.810475,.189525,52.31977,47.68023,53,47,56,52,48,44,7.53e+07,8.23e+07,6.82e+07,4.192314,9.998699,-1.751028,40000,20:13:36 18 Sep 2022
2022,Senate,_lite,9/17/22,.81635,.18365,52.34217,47.65783,53,47,56,52,48,44,7.53e+07,8.22e+07,6.82e+07,4.120903,9.988745,-1.809814,40000,20:13:32 17 Sep 2022
2022,Senate,_lite,9/16/22,.814825,.185175,52.3329,47.6671,53,47,56,52,48,44,7.53e+07,8.22e+07,6.83e+07,4.115601,10.11557,-1.834934,40000,20:46:39 16 Sep 2022
2022,Senate,_lite,9/15/22,.8088,.1912,52.2588,47.7412,52,48,56,52,48,44,7.53e+07,8.23e+07,6.83e+07,4.148766,10.08038,-1.744421,40000,20:12:49 15 Sep 2022
2022,Senate,_lite,9/14/22,.82015,.17985,52.4253,47.5747,53,47,56,52,48,44,7.53e+07,8.22e+07,6.82e+07,4.209843,10.22812,-1.686878,40000,20:50:01 14 Sep 2022
2022,Senate,_lite,9/13/22,.815475,.184525,52.3097,47.6903,53,47,56,52,48,44,7.53e+07,8.24e+07,6.83e+07,4.231152,10.14333,-1.792181,40000,21:16:09 13 Sep 2022
2022,Senate,_lite,9/12/22,.80075,.19925,52.28928,47.71072,53,47,56,52,48,44,7.53e+07,8.23e+07,6.82e+07,3.672657,9.638742,-2.382341,40000,21:19:39 12 Sep 2022
2022,Senate,_lite,9/11/22,.803225,.196775,52.30347,47.69653,53,47,56,52,48,44,7.53e+07,8.24e+07,6.83e+07,3.679802,9.643478,-2.288361,40000,20:12:14 11 Sep 2022
2022,Senate,_lite,9/10/22,.80315,.19685,52.29498,47.70502,53,47,56,52,48,44,7.53e+07,8.23e+07,6.83e+07,3.67165,9.663456,-2.363039,40000,20:11:55 10 Sep 2022
2022,Senate,_lite,9/9/22,.802525,.197475,52.2832,47.7168,52,48,56,52,48,44,7.53e+07,8.23e+07,6.83e+07,3.662617,9.668556,-2.341957,40000,20:12:16  9 Sep 2022
2022,Senate,_lite,9/8/22,.818775,.181225,52.46012,47.53988,53,47,56,52,48,44,7.53e+07,8.23e+07,6.83e+07,3.730137,9.780012,-2.342077,40000,20:11:52  8 Sep 2022
2022,Senate,_lite,9/7/22,.818725,.181275,52.3575,47.6425,53,47,56,52,48,44,7.53e+07,8.23e+07,6.82e+07,3.746937,9.76119,-2.209665,40000,20:11:39  7 Sep 2022
2022,Senate,_lite,9/6/22,.81995,.18005,52.32523,47.67477,53,47,56,52,48,44,7.52e+07,8.24e+07,6.83e+07,3.730381,9.817778,-2.350225,40000,20:34:12  6 Sep 2022
2022,Senate,_lite,9/5/22,.81375,.18625,52.24417,47.75583,52,48,56,52,48,44,7.52e+07,8.22e+07,6.82e+07,3.659519,9.662251,-2.402449,40000,20:12:34  5 Sep 2022
2022,Senate,_lite,9/4/22,.8105,.1895,52.23883,47.76117,52,48,56,52,48,44,7.52e+07,8.22e+07,6.82e+07,3.650455,9.721785,-2.435938,40000,20:11:35  4 Sep 2022
2022,Senate,_lite,9/3/22,.80935,.19065,52.23695,47.76305,52,48,56,52,48,44,7.52e+07,8.23e+07,6.81e+07,3.641415,9.693645,-2.420063,40000,20:12:01  3 Sep 2022
2022,Senate,_lite,9/2/22,.80815,.19185,52.23188,47.76812,52,48,56,52,48,44,7.52e+07,8.22e+07,6.82e+07,3.632961,9.744553,-2.511457,40000,20:12:01  2 Sep 2022
2022,Senate,_lite,9/1/22,.816675,.183325,52.2782,47.7218,52,48,56,52,48,44,7.52e+07,8.23e+07,6.82e+07,3.818428,10.0203,-2.280624,40000,21:03:10  1 Sep 2022
2022,Senate,_lite,8/31/22,.8207,.1793,52.33775,47.66225,53,47,56,52,48,44,7.52e+07,8.23e+07,6.80e+07,3.96833,10.01978,-2.129215,40000,20:33:38 31 Aug 2022
2022,Senate,_lite,8/30/22,.8162,.1838,52.19893,47.80107,52,48,56,52,48,44,7.52e+07,8.22e+07,6.81e+07,3.608364,9.662073,-2.554626,40000,21:45:07 30 Aug 2022
2022,Senate,_lite,8/29/22,.813875,.186125,52.22685,47.77315,52,48,56,52,48,44,7.52e+07,8.22e+07,6.82e+07,3.424,9.661539,-2.785324,40000,20:46:58 29 Aug 2022
2022,Senate,_lite,8/28/22,.80695,.19305,52.14468,47.85532,52,48,56,52,48,44,7.52e+07,8.22e+07,6.82e+07,3.328014,9.521877,-2.8659,40000,20:13:50 28 Aug 2022
2022,Senate,_lite,8/27/22,.803275,.196725,52.1161,47.8839,52,48,56,52,48,44,7.52e+07,8.23e+07,6.81e+07,3.379238,9.525606,-2.870636,40000,20:43:49 27 Aug 2022
2022,Senate,_lite,8/26/22,.8023,.1977,52.10518,47.89482,52,48,56,52,48,44,7.52e+07,8.22e+07,6.81e+07,3.370564,9.513578,-2.892664,40000,21:11:14 26 Aug 2022
2022,Senate,_lite,8/25/22,.800525,.199475,52.1111,47.88887,52,48,56,52,48,44,7.52e+07,8.22e+07,6.82e+07,3.332317,9.432749,-2.932022,40000,20:16:57 25 Aug 2022
2022,Senate,_lite,8/24/22,.7999,.2001,52.13535,47.86462,52,48,56,52,48,44,7.52e+07,8.22e+07,6.81e+07,3.275536,9.565861,-3.017794,40000,20:38:51 24 Aug 2022
2022,Senate,_lite,8/23/22,.80235,.19765,52.15315,47.84685,52,48,56,52,48,44,7.50e+07,8.21e+07,6.80e+07,3.220615,9.520401,-2.950415,40000,21:24:37 23 Aug 2022
2022,Senate,_lite,8/22/22,.799175,.2008,52.09935,47.90062,52,48,56,52,48,44,7.50e+07,8.21e+07,6.81e+07,3.291115,9.463884,-2.999018,40000,20:34:07 22 Aug 2022
2022,Senate,_lite,8/21/22,.8046,.1954,52.14388,47.85612,52,48,56,52,48,44,7.50e+07,8.20e+07,6.81e+07,3.346291,9.596628,-2.958956,40000,20:11:32 21 Aug 2022
2022,Senate,_lite,8/20/22,.8026,.1974,52.13195,47.86805,52,48,56,52,48,44,7.50e+07,8.20e+07,6.80e+07,3.387329,9.65893,-2.8556,40000,20:11:50 20 Aug 2022
2022,Senate,_lite,8/19/22,.7994,.2006,52.12408,47.87592,52,48,56,52,48,44,7.50e+07,8.22e+07,6.80e+07,3.375141,9.662861,-2.926006,40000,21:33:49 19 Aug 2022
2022,Senate,_lite,8/18/22,.80555,.19445,52.16343,47.83657,52,48,56,52,48,44,7.50e+07,8.21e+07,6.80e+07,3.450893,9.721045,-2.907759,40000,21:32:44 18 Aug 2022
2022,Senate,_lite,8/17/22,.792675,.207325,52.01795,47.98205,52,48,56,52,48,44,7.50e+07,8.21e+07,6.80e+07,3.355446,9.629318,-2.933023,40000,20:11:49 17 Aug 2022
2022,Senate,_lite,8/16/22,.80135,.19865,52.0614,47.9386,52,48,56,52,48,44,7.45e+07,8.16e+07,6.75e+07,3.247486,9.516945,-3.096968,40000,20:44:33 16 Aug 2022
2022,Senate,_lite,8/15/22,.7948,.2052,51.89748,48.10252,52,48,56,52,48,44,7.45e+07,8.16e+07,6.75e+07,2.827175,9.19594,-3.509474,40000,20:43:46 15 Aug 2022
2022,Senate,_lite,8/14/22,.797775,.202225,51.93018,48.06982,52,48,56,52,48,44,7.45e+07,8.16e+07,6.76e+07,2.867088,9.25141,-3.50033,40000,20:11:55 14 Aug 2022
2022,Senate,_lite,8/13/22,.79595,.20405,51.90612,48.09385,52,48,56,52,48,44,7.45e+07,8.16e+07,6.75e+07,2.855366,9.102692,-3.514259,40000,20:11:55 13 Aug 2022
2022,Senate,_lite,8/12/22,.79395,.20605,51.88937,48.11063,52,48,56,52,48,44,7.45e+07,8.15e+07,6.76e+07,2.843391,9.256319,-3.527267,40000,20:11:42 12 Aug 2022
2022,Senate,_lite,8/11/22,.7864,.2136,51.84655,48.15345,52,48,56,52,48,44,7.45e+07,8.16e+07,6.75e+07,2.76453,9.139063,-3.693401,40000,21:14:54 11 Aug 2022
2022,Senate,_lite,8/10/22,.776425,.223575,51.7617,48.2383,52,48,56,52,48,44,7.45e+07,8.16e+07,6.75e+07,2.567577,8.952345,-3.993885,40000,22:04:32 10 Aug 2022
2022,Senate,_lite,8/9/22,.7767,.2233,51.72525,48.27475,52,48,55,52,48,45,7.43e+07,8.14e+07,6.72e+07,2.638546,9.042978,-3.776861,40000,20:11:26  9 Aug 2022
2022,Senate,_lite,8/8/22,.76775,.23225,51.72683,48.27317,52,48,56,52,48,44,7.43e+07,8.13e+07,6.72e+07,2.395279,8.739462,-4.0487,40000,20:53:53  8 Aug 2022
2022,Senate,_lite,8/7/22,.7608,.2392,51.61808,48.38192,52,48,55,52,48,45,7.43e+07,8.14e+07,6.72e+07,2.227497,8.615267,-4.252705,40000,20:11:27  7 Aug 2022
2022,Senate,_lite,8/6/22,.767725,.232275,51.66093,48.33907,52,48,55,52,48,45,7.43e+07,8.14e+07,6.73e+07,2.253864,8.650558,-4.190189,40000,20:11:29  6 Aug 2022
2022,Senate,_lite,8/5/22,.766125,.233875,51.66742,48.33255,52,48,55,52,48,45,7.43e+07,8.13e+07,6.72e+07,2.241314,8.690546,-4.24017,40000,20:11:33  5 Aug 2022
2022,Senate,_lite,8/4/22,.760925,.239075,51.61383,48.38617,52,48,55,52,48,45,7.43e+07,8.12e+07,6.72e+07,2.113121,8.552746,-4.338739,40000,20:53:28  4 Aug 2022
2022,Senate,_lite,8/3/22,.750275,.249725,51.53307,48.4669,52,48,55,53,47,45,7.43e+07,8.13e+07,6.72e+07,2.013371,8.52767,-4.414385,40000,20:52:45  3 Aug 2022
2022,Senate,_lite,8/2/22,.74205,.25795,51.48335,48.51665,52,48,55,53,47,45,7.45e+07,8.14e+07,6.75e+07,1.834671,8.324104,-4.642408,40000,20:53:27  2 Aug 2022
2022,Senate,_lite,8/1/22,.721475,.278525,51.38205,48.61795,52,48,56,53,47,44,7.45e+07,8.14e+07,6.74e+07,1.595585,8.239513,-4.969065,40000,20:39:38  1 Aug 2022
2022,Senate,_lite,7/31/22,.722,.278,51.372,48.628,52,48,56,53,47,44,7.45e+07,8.15e+07,6.74e+07,1.542572,8.116751,-4.962767,40000,20:11:29 31 Jul 2022
2022,Senate,_lite,7/30/22,.7187,.2813,51.3456,48.6544,52,48,56,53,47,44,7.45e+07,8.16e+07,6.75e+07,1.581528,8.099552,-5.031448,40000,20:12:24 30 Jul 2022
2022,Senate,_lite,7/29/22,.72385,.27615,51.38567,48.61433,52,48,56,53,47,44,7.45e+07,8.15e+07,6.74e+07,1.569675,8.135328,-5.004381,40000,21:01:25 29 Jul 2022
2022,Senate,_lite,7/28/22,.70165,.29835,51.23442,48.76558,51,49,55,53,47,45,7.45e+07,8.16e+07,6.75e+07,1.438087,8.047024,-5.12257,40000,21:36:57 28 Jul 2022
2022,Senate,_lite,7/27/22,.673275,.326725,50.95803,49.04197,51,49,55,54,46,45,7.45e+07,8.15e+07,6.75e+07,1.035732,7.633698,-5.551971,40000,20:31:21 27 Jul 2022
2022,Senate,_lite,7/26/22,.6518,.3482,50.79742,49.20258,51,49,55,54,46,45,7.52e+07,8.23e+07,6.83e+07,.9223671,7.433674,-5.788021,40000,20:43:20 26 Jul 2022
2022,Senate,_lite,7/25/22,.634275,.365725,50.65102,49.34898,51,49,55,54,46,45,7.52e+07,8.24e+07,6.82e+07,.6477318,7.178669,-5.980827,40000,21:00:44 25 Jul 2022
2022,Senate,_lite,7/24/22,.6353,.3647,50.66402,49.33598,51,49,55,54,46,45,7.52e+07,8.23e+07,6.81e+07,.7295189,7.313702,-5.890976,40000,20:10:58 24 Jul 2022
2022,Senate,_lite,7/23/22,.642675,.357325,50.7289,49.2711,51,49,55,54,46,45,7.52e+07,8.23e+07,6.83e+07,1.245983,7.95874,-5.37068,40000,20:10:44 23 Jul 2022
2022,Senate,_lite,7/22/22,.6416,.358375,50.72535,49.27462,51,49,55,54,46,45,7.52e+07,8.23e+07,6.82e+07,1.233784,7.863146,-5.428329,40000,21:13:18 22 Jul 2022
2022,Senate,_lite,7/21/22,.646875,.353125,50.77395,49.22605,51,49,55,54,46,45,7.52e+07,8.24e+07,6.82e+07,1.390667,8.087069,-5.225012,40000,20:11:00 21 Jul 2022
2022,Senate,_lite,7/20/22,.634975,.365025,50.61362,49.38635,51,49,55,54,46,45,7.52e+07,8.23e+07,6.82e+07,1.098766,7.739651,-5.680319,40000,20:50:08 20 Jul 2022
2022,Senate,_lite,7/19/22,.6398,.3602,50.73912,49.26088,51,49,55,54,46,45,7.56e+07,8.26e+07,6.85e+07,.9793205,7.611353,-5.743122,40000,20:11:34 19 Jul 2022
2022,Senate,_lite,7/18/22,.632075,.367925,50.68037,49.31963,51,49,55,54,46,45,7.56e+07,8.26e+07,6.85e+07,.8000526,7.456263,-5.890837,40000,20:11:35 18 Jul 2022
2022,Senate,_lite,7/17/22,.630375,.369625,50.68343,49.31657,51,49,55,54,46,45,7.56e+07,8.27e+07,6.86e+07,.7927742,7.485157,-5.918386,40000,20:10:28 17 Jul 2022
2022,Senate,_lite,7/16/22,.637525,.36245,50.73397,49.266,51,49,55,54,46,45,7.56e+07,8.26e+07,6.86e+07,.8208809,7.525694,-5.897987,40000,20:10:31 16 Jul 2022
2022,Senate,_lite,7/15/22,.6431,.3569,50.79565,49.20435,51,49,55,54,46,45,7.56e+07,8.27e+07,6.85e+07,.8126717,7.579102,-5.814459,40000,20:10:41 15 Jul 2022
2022,Senate,_lite,7/14/22,.6352,.3648,50.7249,49.2751,51,49,55,54,46,45,7.56e+07,8.25e+07,6.86e+07,.7921982,7.493723,-5.986429,40000,20:29:51 14 Jul 2022
2022,Senate,_lite,7/13/22,.610825,.389175,50.50307,49.4969,51,49,55,55,45,45,7.63e+07,8.34e+07,6.93e+07,.1255989,6.864576,-6.691454,40000,22:14:55 13 Jul 2022
2022,Senate,_lite,7/12/22,.593975,.406025,50.34198,49.65802,50,50,55,55,45,45,7.66e+07,8.37e+07,6.96e+07,-.1308708,6.616783,-6.93494,40000,20:10:30 12 Jul 2022
2022,Senate,_lite,7/11/22,.6018,.3982,50.40055,49.59945,51,49,55,55,45,45,7.66e+07,8.37e+07,6.96e+07,.0211258,6.865829,-6.777714,40000,20:11:01 11 Jul 2022
2022,Senate,_lite,7/10/22,.609475,.390525,50.44188,49.55812,51,49,55,55,45,45,7.66e+07,8.38e+07,6.96e+07,.2129631,6.802025,-6.586405,40000,20:10:27 10 Jul 2022
2022,Senate,_lite,7/9/22,.6088,.3912,50.45863,49.54137,51,49,55,55,45,45,7.66e+07,8.38e+07,6.95e+07,.2046814,6.903364,-6.54965,40000,20:10:36  9 Jul 2022
2022,Senate,_lite,7/8/22,.610825,.389175,50.4682,49.5318,51,49,55,55,45,45,7.66e+07,8.36e+07,6.97e+07,.194767,6.978676,-6.597853,40000,20:10:33  8 Jul 2022
2022,Senate,_lite,7/7/22,.6097,.3903,50.47507,49.52493,51,49,55,55,45,45,7.66e+07,8.36e+07,6.96e+07,.2011795,7.037724,-6.610884,40000,20:10:16  7 Jul 2022
2022,Senate,_lite,7/6/22,.595125,.404875,50.32475,49.67525,50,50,55,55,45,45,7.66e+07,8.37e+07,6.96e+07,-.0624123,6.767607,-6.846531,40000,20:10:27  6 Jul 2022
2022,Senate,_lite,7/5/22,.5894,.4106,50.25445,49.74555,50,50,55,55,45,45,7.62e+07,8.32e+07,6.92e+07,-.1549034,6.641449,-6.956129,40000,20:32:45  5 Jul 2022
2022,Senate,_lite,7/4/22,.577575,.422425,50.13668,49.86332,50,50,55,55,45,45,7.62e+07,8.33e+07,6.92e+07,-.3526764,6.411335,-7.097473,40000,20:44:02  4 Jul 2022
2022,Senate,_lite,7/3/22,.574875,.425125,50.12012,49.87988,50,50,55,55,45,45,7.62e+07,8.32e+07,6.91e+07,-.358593,6.423965,-7.184444,40000,20:13:30  3 Jul 2022
2022,Senate,_lite,7/2/22,.57795,.42205,50.1379,49.8621,50,50,55,55,45,45,7.62e+07,8.33e+07,6.92e+07,-.3655739,6.438202,-7.129383,40000,20:13:08  2 Jul 2022
2022,Senate,_lite,7/1/22,.576575,.423425,50.1291,49.8709,50,50,55,55,45,45,7.62e+07,8.33e+07,6.91e+07,-.371418,6.471119,-7.166519,40000,20:13:01  1 Jul 2022
2022,Senate,_lite,6/30/22,.571875,.428125,50.09678,49.90322,50,50,55,55,45,45,7.62e+07,8.32e+07,6.93e+07,-.4509048,6.391006,-7.191931,40000,20:51:20 30 Jun 2022
2022,Senate,_lite,6/29/22,.6128,.3872,50.39485,49.60515,51,49,55,54,46,45,7.62e+07,8.33e+07,6.92e+07,-.0943642,6.716415,-6.976042,40000,22:11:20 29 Jun 2022
2022,Senate,_lite,6/26/22,.5765,.4235,50.11153,49.88847,50,50,55,54,46,45,7.58e+07,8.29e+07,6.88e+07,-.0482864,6.766439,-6.82349,40000,11:19:59 29 Jun 2022
2022,Senate,_lite,6/25/22,.57515,.42485,50.08985,49.91015,50,50,55,55,45,45,7.58e+07,8.29e+07,6.89e+07,-.0489426,6.788134,-7.004936,40000,12:03:45 29 Jun 2022
2022,Senate,_lite,6/24/22,.579,.421,50.11635,49.88365,50,50,55,54,46,45,7.58e+07,8.29e+07,6.88e+07,-.0498199,6.879044,-6.969931,40000,11:37:32 29 Jun 2022
2022,Senate,_lite,6/22/22,.5544,.4456,49.95918,50.04082,50,50,55,55,45,45,7.58e+07,8.29e+07,6.88e+07,-.3723564,6.536509,-7.310183,40000,11:38:08 29 Jun 2022
2022,Senate,_lite,6/21/22,.526125,.473875,49.66555,50.33445,50,50,54,55,45,46,7.58e+07,8.29e+07,6.88e+07,-.8957901,6.089867,-7.762733,40000,12:22:16 29 Jun 2022
2022,Senate,_lite,6/19/22,.51495,.48505,49.57685,50.42315,50,50,54,55,45,46,7.56e+07,8.27e+07,6.87e+07,-1.045761,5.891922,-8.02216,40000,11:56:12 29 Jun 2022
2022,Senate,_lite,6/18/22,.5192,.4808,49.60143,50.39857,50,50,54,55,45,46,7.56e+07,8.26e+07,6.86e+07,-1.04401,5.934839,-7.950581,40000,11:55:44 29 Jun 2022
2022,Senate,_lite,6/17/22,.51405,.48595,49.57905,50.42095,50,50,54,55,45,46,7.56e+07,8.27e+07,6.86e+07,-1.041767,5.90523,-7.949036,40000,12:40:38 29 Jun 2022
2022,Senate,_lite,6/15/22,.5233,.4767,49.67645,50.32355,50,50,54,55,45,46,7.56e+07,8.26e+07,6.86e+07,-.9587631,6.097214,-7.947115,40000,12:14:19 29 Jun 2022
2022,Senate,_lite,6/14/22,.494925,.505075,49.41718,50.58282,49,51,54,55,45,46,7.56e+07,8.27e+07,6.87e+07,-1.293297,5.658386,-8.363998,40000,12:13:39 29 Jun 2022
2022,Senate,_lite,6/13/22,.476625,.523375,49.33015,50.66985,49,51,54,55,45,46,7.52e+07,8.21e+07,6.82e+07,-1.489758,5.476433,-8.519844,40000,12:58:34 29 Jun 2022
2022,Senate,_lite,6/11/22,.468025,.531975,49.20892,50.79108,49,51,54,55,45,46,7.52e+07,8.23e+07,6.82e+07,-1.756775,5.278986,-8.793692,40000,12:32:30 29 Jun 2022
2022,Senate,_lite,6/10/22,.46675,.53325,49.20005,50.79995,49,51,54,55,45,46,7.52e+07,8.22e+07,6.82e+07,-1.752876,5.289989,-8.80925,40000,12:31:52 29 Jun 2022
2022,Senate,_lite,6/9/22,.467175,.532825,49.18975,50.81025,49,51,54,55,45,46,7.52e+07,8.23e+07,6.82e+07,-1.8242,5.111841,-8.879622,40000,13:16:38 29 Jun 2022
2022,Senate,_lite,6/7/22,.47675,.52325,49.2948,50.7052,49,51,54,55,45,46,7.52e+07,8.23e+07,6.83e+07,-1.650486,5.426947,-8.768141,40000,12:50:50 29 Jun 2022
2022,Senate,_lite,6/6/22,.4777,.5223,49.31787,50.68213,49,51,54,55,45,46,7.53e+07,8.24e+07,6.84e+07,-1.637833,5.389006,-8.6749,40000,12:49:58 29 Jun 2022
2022,Senate,_lite,6/5/22,.49025,.50975,49.42012,50.57988,49,51,54,55,45,46,7.53e+07,8.23e+07,6.82e+07,-1.466885,5.589991,-8.481773,40000,13:34:55 29 Jun 2022
2022,Senate,_lite,6/3/22,.49935,.50065,49.50397,50.49603,49,51,54,55,45,46,7.53e+07,8.24e+07,6.83e+07,-1.047646,6.139086,-8.127708,40000,13:08:55 29 Jun 2022
2022,Senate,_lite,6/2/22,.499425,.500575,49.49795,50.50205,49,51,54,55,45,46,7.53e+07,8.24e+07,6.83e+07,-1.026939,6.060925,-8.167215,40000,13:07:40 29 Jun 2022
2022,Senate,_lite,6/1/22,.4971,.5029,49.48765,50.51235,49,51,54,55,45,46,7.53e+07,8.23e+07,6.83e+07,-.9799767,6.116716,-8.091766,40000,13:53:05 29 Jun 2022
2022,Senate,_deluxe,9/23/22,.709225,.290775,50.85835,49.14165,51,49,54,52,48,46,7.54e+07,8.24e+07,6.84e+07,3.374802,8.962553,-2.255114,40000,15:23:21 23 Sep 2022
2022,Senate,_deluxe,9/22/22,.7042,.2958,50.80275,49.19725,51,49,54,52,48,46,7.54e+07,8.23e+07,6.83e+07,3.219719,8.854319,-2.43409,40000,21:10:49 22 Sep 2022
2022,Senate,_deluxe,9/21/22,.702375,.297625,50.77818,49.22182,51,49,54,52,48,46,7.54e+07,8.24e+07,6.85e+07,3.054955,8.674343,-2.586039,40000,21:10:54 21 Sep 2022
2022,Senate,_deluxe,9/20/22,.707825,.292175,50.8244,49.1756,51,49,54,52,48,46,7.53e+07,8.22e+07,6.82e+07,3.112358,8.761446,-2.510279,40000,20:13:53 20 Sep 2022
2022,Senate,_deluxe,9/19/22,.713325,.286675,50.8519,49.1481,51,49,54,52,48,46,7.53e+07,8.23e+07,6.82e+07,3.1133,8.735687,-2.568827,40000,21:41:21 19 Sep 2022
2022,Senate,_deluxe,9/18/22,.710075,.289925,50.82473,49.17527,51,49,54,52,48,46,7.53e+07,8.23e+07,6.82e+07,3.205601,8.809612,-2.529123,40000,20:13:36 18 Sep 2022
2022,Senate,_deluxe,9/17/22,.714125,.285875,50.8708,49.1292,51,49,54,52,48,46,7.53e+07,8.22e+07,6.82e+07,3.126759,8.810173,-2.634398,40000,20:13:32 17 Sep 2022
2022,Senate,_deluxe,9/16/22,.711575,.288425,50.85495,49.14505,51,49,54,52,48,46,7.53e+07,8.22e+07,6.83e+07,3.115971,8.871838,-2.633284,40000,20:46:39 16 Sep 2022
2022,Senate,_deluxe,9/15/22,.705725,.294275,50.81427,49.18573,51,49,54,52,48,46,7.53e+07,8.23e+07,6.83e+07,3.08757,8.800268,-2.59992,40000,20:12:49 15 Sep 2022
2022,Senate,_deluxe,9/14/22,.7122,.2878,50.88185,49.11815,51,49,54,52,48,46,7.53e+07,8.22e+07,6.82e+07,3.135963,8.924114,-2.558407,40000,20:50:01 14 Sep 2022
2022,Senate,_deluxe,9/13/22,.7056,.2944,50.81905,49.18095,51,49,54,53,47,46,7.53e+07,8.24e+07,6.83e+07,2.933868,8.638227,-2.86051,40000,21:16:09 13 Sep 2022
2022,Senate,_deluxe,9/12/22,.688675,.311325,50.71605,49.28395,51,49,54,53,47,46,7.53e+07,8.23e+07,6.82e+07,2.668182,8.396854,-3.148317,40000,21:19:39 12 Sep 2022
2022,Senate,_deluxe,9/11/22,.68765,.31235,50.72403,49.27597,51,49,54,53,47,46,7.53e+07,8.24e+07,6.83e+07,2.635426,8.388411,-3.114534,40000,20:12:14 11 Sep 2022
2022,Senate,_deluxe,9/10/22,.6856,.3144,50.71885,49.28115,51,49,54,53,47,46,7.53e+07,8.23e+07,6.83e+07,2.622375,8.39259,-3.192507,40000,20:11:55 10 Sep 2022
2022,Senate,_deluxe,9/9/22,.686975,.313025,50.71725,49.28275,51,49,54,53,47,46,7.53e+07,8.23e+07,6.83e+07,2.608715,8.369928,-3.176283,40000,20:12:16  9 Sep 2022
2022,Senate,_deluxe,9/8/22,.6964,.3036,50.76463,49.23537,51,49,54,53,47,46,7.53e+07,8.23e+07,6.83e+07,2.625679,8.444843,-3.210093,40000,20:11:52  8 Sep 2022
2022,Senate,_deluxe,9/7/22,.696825,.303175,50.75775,49.24225,51,49,54,53,47,46,7.53e+07,8.23e+07,6.82e+07,2.586597,8.397221,-3.156872,40000,20:11:39  7 Sep 2022
2022,Senate,_deluxe,9/6/22,.692925,.307075,50.7275,49.2725,51,49,54,53,47,46,7.52e+07,8.24e+07,6.83e+07,2.552784,8.413126,-3.294163,40000,20:34:12  6 Sep 2022
2022,Senate,_deluxe,9/5/22,.6874,.3126,50.6731,49.3269,51,49,54,53,47,46,7.52e+07,8.22e+07,6.82e+07,2.389133,8.177071,-3.452768,40000,20:12:34  5 Sep 2022
2022,Senate,_deluxe,9/4/22,.68065,.31935,50.66295,49.33705,51,49,54,53,47,46,7.52e+07,8.22e+07,6.82e+07,2.373062,8.2183,-3.490555,40000,20:11:35  4 Sep 2022
2022,Senate,_deluxe,9/3/22,.680225,.319775,50.66682,49.33318,51,49,54,53,47,46,7.52e+07,8.23e+07,6.81e+07,2.360996,8.200167,-3.490791,40000,20:12:01  3 Sep 2022
2022,Senate,_deluxe,9/2/22,.67995,.32005,50.65662,49.34338,51,49,54,53,47,46,7.52e+07,8.22e+07,6.82e+07,2.349079,8.260357,-3.588644,40000,20:12:01  2 Sep 2022
2022,Senate,_deluxe,9/1/22,.684075,.315925,50.66072,49.33928,51,49,54,53,47,46,7.52e+07,8.23e+07,6.82e+07,2.367954,8.344984,-3.527834,40000,21:03:10  1 Sep 2022
2022,Senate,_deluxe,8/31/22,.68485,.31515,50.6861,49.3139,51,49,54,53,47,46,7.52e+07,8.23e+07,6.80e+07,2.403351,8.220385,-3.485239,40000,20:33:38 31 Aug 2022
2022,Senate,_deluxe,8/30/22,.660325,.339675,50.53805,49.46195,51,49,54,53,47,46,7.52e+07,8.22e+07,6.81e+07,2.037457,7.889555,-3.88467,40000,21:45:07 30 Aug 2022
2022,Senate,_deluxe,8/29/22,.667125,.332875,50.57507,49.42493,51,49,54,53,47,46,7.52e+07,8.22e+07,6.82e+07,1.983036,8.011887,-4.008642,40000,20:46:58 29 Aug 2022
2022,Senate,_deluxe,8/28/22,.6546,.3454,50.5041,49.4959,51,49,54,53,47,46,7.52e+07,8.22e+07,6.82e+07,1.943974,7.894299,-4.027391,40000,20:13:50 28 Aug 2022
2022,Senate,_deluxe,8/27/22,.65075,.34925,50.48955,49.51045,51,49,54,53,47,46,7.52e+07,8.23e+07,6.81e+07,1.992985,7.935818,-4.061069,40000,20:43:49 27 Aug 2022
2022,Senate,_deluxe,8/26/22,.650325,.349675,50.4659,49.5341,51,49,54,53,47,46,7.52e+07,8.22e+07,6.81e+07,1.969513,7.86359,-4.077845,40000,21:11:14 26 Aug 2022
2022,Senate,_deluxe,8/25/22,.649675,.350325,50.45842,49.54158,51,49,54,53,47,46,7.52e+07,8.22e+07,6.82e+07,1.894684,7.752451,-4.140255,40000,20:16:57 25 Aug 2022
2022,Senate,_deluxe,8/24/22,.6368,.3632,50.39618,49.60382,50,50,54,53,47,46,7.52e+07,8.22e+07,6.81e+07,1.738922,7.81081,-4.341021,40000,20:38:51 24 Aug 2022
2022,Senate,_deluxe,8/23/22,.63445,.36555,50.3561,49.6439,50,50,54,53,47,46,7.50e+07,8.21e+07,6.80e+07,1.622295,7.705574,-4.320839,40000,21:24:37 23 Aug 2022
2022,Senate,_deluxe,8/22/22,.630675,.369325,50.33515,49.66485,50,50,54,53,47,46,7.50e+07,8.21e+07,6.81e+07,1.659763,7.614744,-4.396166,40000,20:34:07 22 Aug 2022
2022,Senate,_deluxe,8/21/22,.63185,.36815,50.34452,49.65548,50,50,54,53,47,46,7.50e+07,8.20e+07,6.81e+07,1.69619,7.694931,-4.418184,40000,20:11:32 21 Aug 2022
2022,Senate,_deluxe,8/20/22,.6327,.3673,50.3484,49.6516,50,50,54,53,47,46,7.50e+07,8.20e+07,6.80e+07,1.732944,7.760153,-4.307825,40000,20:11:50 20 Aug 2022
2022,Senate,_deluxe,8/19/22,.62835,.371625,50.3409,49.65908,50,50,54,53,47,46,7.50e+07,8.22e+07,6.80e+07,1.718037,7.751299,-4.355087,40000,21:33:49 19 Aug 2022
2022,Senate,_deluxe,8/18/22,.63015,.36985,50.3431,49.6569,50,50,54,53,47,46,7.50e+07,8.21e+07,6.80e+07,1.695843,7.739834,-4.410185,40000,21:32:44 18 Aug 2022
2022,Senate,_deluxe,8/17/22,.627075,.372925,50.3266,49.6734,50,50,54,53,47,46,7.50e+07,8.21e+07,6.80e+07,1.66349,7.689854,-4.38616,40000,20:11:49 17 Aug 2022
2022,Senate,_deluxe,8/16/22,.617525,.382475,50.26935,49.73065,50,50,54,53,47,46,7.45e+07,8.16e+07,6.75e+07,1.556767,7.616632,-4.557713,40000,20:44:33 16 Aug 2022
2022,Senate,_deluxe,8/15/22,.6145,.3855,50.21482,49.78518,50,50,53,53,47,47,7.45e+07,8.16e+07,6.75e+07,1.321564,7.429611,-4.754284,40000,20:43:46 15 Aug 2022
2022,Senate,_deluxe,8/14/22,.61365,.38635,50.2165,49.7835,50,50,53,53,47,47,7.45e+07,8.16e+07,6.76e+07,1.306713,7.455109,-4.831596,40000,20:11:55 14 Aug 2022
2022,Senate,_deluxe,8/13/22,.6106,.3894,50.19205,49.80795,50,50,53,53,47,47,7.45e+07,8.16e+07,6.75e+07,1.292534,7.301096,-4.828091,40000,20:11:55 13 Aug 2022
2022,Senate,_deluxe,8/12/22,.60725,.39275,50.18365,49.81635,50,50,53,53,47,47,7.45e+07,8.15e+07,6.76e+07,1.278069,7.467241,-4.883865,40000,20:11:42 12 Aug 2022
2022,Senate,_deluxe,8/11/22,.60305,.39695,50.15918,49.84082,50,50,53,53,47,47,7.45e+07,8.16e+07,6.75e+07,1.218296,7.367054,-4.992891,40000,21:14:54 11 Aug 2022
2022,Senate,_deluxe,8/10/22,.597825,.402175,50.12368,49.87632,50,50,53,53,47,47,7.45e+07,8.16e+07,6.75e+07,1.193874,7.354197,-5.134054,40000,22:04:32 10 Aug 2022
2022,Senate,_deluxe,8/9/22,.59745,.40255,50.10567,49.8943,50,50,53,53,47,47,7.43e+07,8.14e+07,6.72e+07,1.1287,7.288437,-5.07765,40000,20:11:26  9 Aug 2022
2022,Senate,_deluxe,8/8/22,.588675,.411325,50.07552,49.92448,50,50,53,53,47,47,7.43e+07,8.13e+07,6.72e+07,1.13715,7.250822,-5.086487,40000,20:53:53  8 Aug 2022
2022,Senate,_deluxe,8/7/22,.58565,.41435,50.03617,49.96383,50,50,53,53,47,47,7.43e+07,8.14e+07,6.72e+07,1.054928,7.179552,-5.18544,40000,20:11:27  7 Aug 2022
2022,Senate,_deluxe,8/6/22,.5891,.4109,50.05685,49.94315,50,50,53,53,47,47,7.43e+07,8.14e+07,6.73e+07,1.044357,7.191202,-5.162569,40000,20:11:29  6 Aug 2022
2022,Senate,_deluxe,8/5/22,.58665,.41335,50.05447,49.94553,50,50,53,53,47,47,7.43e+07,8.13e+07,6.72e+07,1.029442,7.261196,-5.201113,40000,20:11:33  5 Aug 2022
2022,Senate,_deluxe,8/4/22,.5831,.4169,50.01783,49.98217,50,50,53,53,47,47,7.43e+07,8.12e+07,6.72e+07,.9511566,7.161476,-5.2838,40000,20:53:28  4 Aug 2022
2022,Senate,_deluxe,8/3/22,.573325,.426675,49.98323,50.01677,50,50,53,53,47,47,7.43e+07,8.13e+07,6.72e+07,.8906097,7.156822,-5.31625,40000,20:52:45  3 Aug 2022
2022,Senate,_deluxe,8/2/22,.567725,.432275,49.93592,50.06408,50,50,53,53,47,47,7.45e+07,8.14e+07,6.75e+07,.821846,7.090462,-5.421444,40000,20:53:27  2 Aug 2022
2022,Senate,_deluxe,8/1/22,.559875,.4401,49.89537,50.10458,50,50,53,54,46,47,7.45e+07,8.14e+07,6.74e+07,.9866028,7.335835,-5.322655,40000,20:39:38  1 Aug 2022
2022,Senate,_deluxe,7/31/22,.558275,.441725,49.89872,50.10128,50,50,53,54,46,47,7.45e+07,8.15e+07,6.74e+07,.9419098,7.236303,-5.273134,40000,20:11:29 31 Jul 2022
2022,Senate,_deluxe,7/30/22,.5558,.4442,49.8708,50.1292,50,50,53,54,46,47,7.45e+07,8.16e+07,6.75e+07,.9644165,7.210466,-5.364454,40000,20:12:24 30 Jul 2022
2022,Senate,_deluxe,7/29/22,.56165,.43835,49.8971,50.1029,50,50,53,54,46,47,7.45e+07,8.15e+07,6.74e+07,.9526672,7.225065,-5.328243,40000,21:01:25 29 Jul 2022
2022,Senate,_deluxe,7/28/22,.5456,.4544,49.81688,50.18312,50,50,53,54,46,47,7.45e+07,8.16e+07,6.75e+07,.9369812,7.235632,-5.373358,40000,21:36:57 28 Jul 2022
2022,Senate,_deluxe,7/27/22,.521575,.478425,49.66782,50.33218,50,50,53,54,46,47,7.45e+07,8.15e+07,6.75e+07,.7172585,7.01432,-5.569595,40000,20:31:21 27 Jul 2022
2022,Senate,_deluxe,7/26/22,.50945,.49055,49.57375,50.42625,50,50,53,54,46,47,7.52e+07,8.23e+07,6.83e+07,.5918427,6.837143,-5.840284,40000,20:43:20 26 Jul 2022
2022,Senate,_deluxe,7/25/22,.492575,.507425,49.50048,50.49952,49,51,53,54,46,47,7.52e+07,8.24e+07,6.82e+07,.35532,6.608929,-6.006084,40000,21:00:44 25 Jul 2022
2022,Senate,_deluxe,7/24/22,.4947,.5053,49.50455,50.49545,49,51,53,54,46,47,7.52e+07,8.23e+07,6.81e+07,.3046761,6.614403,-6.022678,40000,20:10:58 24 Jul 2022
2022,Senate,_deluxe,7/23/22,.496275,.503725,49.5168,50.4832,49,51,53,54,46,47,7.52e+07,8.23e+07,6.83e+07,.3985291,6.784256,-5.923914,40000,20:10:44 23 Jul 2022
2022,Senate,_deluxe,7/22/22,.495175,.504825,49.51233,50.48765,49,51,53,54,46,47,7.52e+07,8.23e+07,6.82e+07,.3873405,6.683891,-6.01416,40000,21:13:18 22 Jul 2022
2022,Senate,_deluxe,7/21/22,.494825,.505175,49.50568,50.49432,49,51,53,54,46,47,7.52e+07,8.24e+07,6.82e+07,.2975883,6.708466,-6.044712,40000,20:11:00 21 Jul 2022
2022,Senate,_deluxe,7/20/22,.482425,.517575,49.4186,50.5814,49,51,53,54,46,47,7.52e+07,8.23e+07,6.82e+07,.0509644,6.410673,-6.387434,40000,20:50:08 20 Jul 2022
2022,Senate,_deluxe,7/19/22,.471575,.528425,49.36237,50.63763,49,51,53,54,46,47,7.56e+07,8.26e+07,6.85e+07,-.0900116,6.274155,-6.535351,40000,20:11:34 19 Jul 2022
2022,Senate,_deluxe,7/18/22,.468875,.531125,49.34938,50.65062,49,51,53,54,46,47,7.56e+07,8.26e+07,6.85e+07,-.124382,6.236586,-6.562784,40000,20:11:35 18 Jul 2022
2022,Senate,_deluxe,7/17/22,.468675,.531325,49.35418,50.64582,49,51,53,54,46,47,7.56e+07,8.27e+07,6.86e+07,-.1221237,6.271854,-6.54287,40000,20:10:28 17 Jul 2022
2022,Senate,_deluxe,7/16/22,.47035,.52965,49.35105,50.64895,49,51,53,54,46,47,7.56e+07,8.26e+07,6.86e+07,-.1310158,6.278545,-6.556356,40000,20:10:31 16 Jul 2022
2022,Senate,_deluxe,7/15/22,.477,.523,49.40052,50.59948,49,51,53,54,46,47,7.56e+07,8.27e+07,6.85e+07,-.1383743,6.31616,-6.497463,40000,20:10:41 15 Jul 2022
2022,Senate,_deluxe,7/14/22,.47,.53,49.34357,50.65643,49,51,53,54,46,47,7.56e+07,8.25e+07,6.86e+07,-.1763382,6.231009,-6.714031,40000,20:29:51 14 Jul 2022
2022,Senate,_deluxe,7/13/22,.458225,.541775,49.26622,50.73378,49,51,53,54,46,47,7.63e+07,8.34e+07,6.93e+07,-.3629951,6.107748,-6.870247,40000,22:14:55 13 Jul 2022
2022,Senate,_deluxe,7/12/22,.442425,.557575,49.15885,50.84115,49,51,53,54,46,47,7.66e+07,8.37e+07,6.96e+07,-.5698128,5.899422,-7.113178,40000,20:10:30 12 Jul 2022
2022,Senate,_deluxe,7/11/22,.45615,.54385,49.22738,50.77262,49,51,53,54,46,47,7.66e+07,8.37e+07,6.96e+07,-.4878693,6.079758,-6.995201,40000,20:11:01 11 Jul 2022
2022,Senate,_deluxe,7/10/22,.460575,.539425,49.24807,50.75193,49,51,53,54,46,47,7.66e+07,8.38e+07,6.96e+07,-.3409843,5.997099,-6.860811,40000,20:10:27 10 Jul 2022
2022,Senate,_deluxe,7/9/22,.46375,.53625,49.26785,50.73212,49,51,53,54,46,47,7.66e+07,8.38e+07,6.95e+07,-.3481789,6.084639,-6.800728,40000,20:10:36  9 Jul 2022
2022,Senate,_deluxe,7/8/22,.465075,.534925,49.27165,50.72835,49,51,53,54,46,47,7.66e+07,8.36e+07,6.97e+07,-.3564835,6.157137,-6.870445,40000,20:10:33  8 Jul 2022
2022,Senate,_deluxe,7/7/22,.468025,.531975,49.3107,50.6893,49,51,53,54,46,47,7.66e+07,8.36e+07,6.96e+07,-.2930527,6.261452,-6.816841,40000,20:10:16  7 Jul 2022
2022,Senate,_deluxe,7/6/22,.4659,.5341,49.28693,50.71305,49,51,53,54,46,47,7.66e+07,8.37e+07,6.96e+07,-.3689308,6.162561,-6.851198,40000,20:10:27  6 Jul 2022
2022,Senate,_deluxe,7/5/22,.46145,.53855,49.24952,50.75048,49,51,53,54,46,47,7.62e+07,8.32e+07,6.92e+07,-.4348831,6.052717,-6.961729,40000,20:32:45  5 Jul 2022
2022,Senate,_deluxe,7/4/22,.4547,.5453,49.20018,50.79982,49,51,53,54,46,47,7.62e+07,8.33e+07,6.92e+07,-.5488739,5.905895,-6.996828,40000,20:44:02  4 Jul 2022
2022,Senate,_deluxe,7/3/22,.449825,.550175,49.19102,50.80898,49,51,53,54,46,47,7.62e+07,8.32e+07,6.91e+07,-.5546379,5.941118,-7.095072,40000,20:13:30  3 Jul 2022
2022,Senate,_deluxe,7/2/22,.456225,.543775,49.20425,50.79575,49,51,53,54,46,47,7.62e+07,8.33e+07,6.92e+07,-.5604057,5.949907,-7.039627,40000,20:13:08  2 Jul 2022
2022,Senate,_deluxe,7/1/22,.455675,.544325,49.19895,50.80105,49,51,53,54,46,47,7.62e+07,8.33e+07,6.91e+07,-.5653839,5.969255,-7.071066,40000,20:13:01  1 Jul 2022
2022,Senate,_deluxe,6/30/22,.449675,.550325,49.18988,50.81012,49,51,53,54,46,47,7.62e+07,8.32e+07,6.93e+07,-.5965958,5.974007,-7.049234,40000,20:51:20 30 Jun 2022
2022,Senate,_deluxe,6/29/22,.495475,.504525,49.45985,50.54015,49,51,53,54,46,47,7.62e+07,8.33e+07,6.92e+07,-.2077103,6.349123,-6.810099,40000,22:11:20 29 Jun 2022
2022,Senate,_deluxe,6/26/22,.464325,.535675,49.30825,50.69175,49,51,53,54,46,47,7.58e+07,8.29e+07,6.88e+07,-.4278526,6.094681,-6.939075,40000,11:19:59 29 Jun 2022
2022,Senate,_deluxe,6/25/22,.466725,.533275,49.3016,50.6984,49,51,53,54,46,47,7.58e+07,8.29e+07,6.89e+07,-.4240837,6.117159,-7.095469,40000,12:03:45 29 Jun 2022
2022,Senate,_deluxe,6/24/22,.4699,.5301,49.33197,50.66803,49,51,53,54,46,47,7.58e+07,8.29e+07,6.88e+07,-.4250641,6.231825,-7.077433,40000,11:37:32 29 Jun 2022
2022,Senate,_deluxe,6/22/22,.46345,.53655,49.30153,50.69847,49,51,53,54,46,47,7.58e+07,8.29e+07,6.88e+07,-.4429054,6.153242,-7.127953,40000,11:38:08 29 Jun 2022
2022,Senate,_deluxe,6/21/22,.45635,.54365,49.27333,50.72667,49,51,53,54,46,47,7.58e+07,8.29e+07,6.88e+07,-.5014,6.180714,-7.109068,40000,12:22:16 29 Jun 2022
2022,Senate,_deluxe,6/19/22,.45095,.54905,49.2289,50.7711,49,51,53,54,46,47,7.56e+07,8.27e+07,6.87e+07,-.5320778,6.133268,-7.19483,40000,11:56:12 29 Jun 2022
2022,Senate,_deluxe,6/18/22,.4564,.5436,49.24728,50.75272,49,51,53,54,46,47,7.56e+07,8.26e+07,6.86e+07,-.5308075,6.16717,-7.141289,40000,11:55:44 29 Jun 2022
2022,Senate,_deluxe,6/17/22,.4546,.5454,49.2383,50.7617,49,51,53,54,46,47,7.56e+07,8.27e+07,6.86e+07,-.5291138,6.111517,-7.140659,40000,12:40:38 29 Jun 2022
2022,Senate,_deluxe,6/15/22,.4519,.5481,49.24503,50.75495,49,51,53,54,46,47,7.56e+07,8.26e+07,6.86e+07,-.572113,6.213951,-7.255064,40000,12:14:19 29 Jun 2022
2022,Senate,_deluxe,6/14/22,.40545,.59455,48.96487,51.03513,49,51,52,54,46,48,7.56e+07,8.27e+07,6.87e+07,-1.039173,5.607605,-7.791283,40000,12:13:39 29 Jun 2022
2022,Senate,_deluxe,6/13/22,.403325,.596675,48.97315,51.02685,49,51,52,54,46,48,7.52e+07,8.21e+07,6.82e+07,-1.025707,5.685055,-7.749998,40000,12:58:34 29 Jun 2022
2022,Senate,_deluxe,6/11/22,.404725,.595275,48.96045,51.03955,49,51,52,54,46,48,7.52e+07,8.23e+07,6.82e+07,-1.083664,5.648109,-7.813906,40000,12:32:30 29 Jun 2022
2022,Senate,_deluxe,6/10/22,.400275,.599725,48.94157,51.05843,49,51,52,54,46,48,7.52e+07,8.22e+07,6.82e+07,-1.080658,5.64879,-7.868332,40000,12:31:52 29 Jun 2022
2022,Senate,_deluxe,6/9/22,.403325,.596675,48.95452,51.04548,49,51,52,54,46,48,7.52e+07,8.23e+07,6.82e+07,-1.078678,5.571604,-7.830761,40000,13:16:38 29 Jun 2022
2022,Senate,_deluxe,6/7/22,.403675,.596325,48.9671,51.0329,49,51,52,54,46,48,7.52e+07,8.23e+07,6.83e+07,-1.036026,5.746351,-7.852434,40000,12:50:50 29 Jun 2022
2022,Senate,_deluxe,6/6/22,.405475,.594525,48.99083,51.00917,49,51,52,54,46,48,7.53e+07,8.24e+07,6.84e+07,-1.02433,5.722368,-7.772261,40000,12:49:58 29 Jun 2022
2022,Senate,_deluxe,6/5/22,.417175,.582825,49.03767,50.96233,49,51,52,54,46,48,7.53e+07,8.23e+07,6.82e+07,-.899025,5.855448,-7.620897,40000,13:34:55 29 Jun 2022
2022,Senate,_deluxe,6/3/22,.415275,.584725,49.03365,50.96635,49,51,52,54,46,48,7.53e+07,8.24e+07,6.83e+07,-.8580933,6.029684,-7.633518,40000,13:08:55 29 Jun 2022
2022,Senate,_deluxe,6/2/22,.402225,.597775,48.95317,51.04683,49,51,52,54,46,48,7.53e+07,8.24e+07,6.83e+07,-1.03249,5.764755,-7.883615,40000,13:07:40 29 Jun 2022
2022,Senate,_deluxe,6/1/22,.401925,.598075,48.9552,51.0448,49,51,52,54,46,48,7.53e+07,8.23e+07,6.83e+07,-1.029251,5.806906,-7.86866,40000,13:53:05 29 Jun 2022
2022,Senate,_classic,9/23/22,.77835,.22165,51.49712,48.50288,52,48,55,52,48,45,7.54e+07,8.24e+07,6.84e+07,3.974754,9.593956,-1.678528,40000,15:23:21 23 Sep 2022
2022,Senate,_classic,9/22/22,.774525,.225475,51.43023,48.56977,52,48,55,52,48,45,7.54e+07,8.23e+07,6.83e+07,3.817081,9.472216,-1.861256,40000,21:10:49 22 Sep 2022
2022,Senate,_classic,9/21/22,.7847,.2153,51.48518,48.5148,52,48,55,52,48,45,7.54e+07,8.24e+07,6.85e+07,3.732777,9.379662,-1.93285,40000,21:10:54 21 Sep 2022
2022,Senate,_classic,9/20/22,.789375,.210625,51.51545,48.48455,52,48,55,52,48,45,7.53e+07,8.22e+07,6.82e+07,3.753643,9.432272,-1.887913,40000,20:13:53 20 Sep 2022
2022,Senate,_classic,9/19/22,.793125,.206875,51.56355,48.43645,52,48,55,52,48,45,7.53e+07,8.23e+07,6.82e+07,3.768227,9.418722,-1.946407,40000,21:41:21 19 Sep 2022
2022,Senate,_classic,9/18/22,.790325,.209675,51.53947,48.46053,52,48,55,52,48,45,7.53e+07,8.23e+07,6.82e+07,3.885567,9.519964,-1.869749,40000,20:13:36 18 Sep 2022
2022,Senate,_classic,9/17/22,.796175,.2038,51.6003,48.39967,52,48,55,52,48,45,7.53e+07,8.22e+07,6.82e+07,3.804878,9.50963,-1.97806,40000,20:13:32 17 Sep 2022
2022,Senate,_classic,9/16/22,.7946,.2054,51.58565,48.41435,52,48,55,52,48,45,7.53e+07,8.22e+07,6.83e+07,3.794952,9.574228,-1.980371,40000,20:46:39 16 Sep 2022
2022,Senate,_classic,9/15/22,.789325,.210675,51.53025,48.46973,52,48,55,52,48,45,7.53e+07,8.23e+07,6.83e+07,3.78841,9.523001,-1.924591,40000,20:12:49 15 Sep 2022
2022,Senate,_classic,9/14/22,.794875,.205125,51.60888,48.39112,52,48,55,52,48,45,7.53e+07,8.22e+07,6.82e+07,3.828495,9.639393,-1.881924,40000,20:50:01 14 Sep 2022
2022,Senate,_classic,9/13/22,.790525,.209475,51.56298,48.43702,52,48,55,52,48,45,7.53e+07,8.24e+07,6.83e+07,3.672298,9.388903,-2.148569,40000,21:16:09 13 Sep 2022
2022,Senate,_classic,9/12/22,.7731,.2269,51.44755,48.55243,52,48,55,52,48,45,7.53e+07,8.23e+07,6.82e+07,3.380318,9.14576,-2.451952,40000,21:19:39 12 Sep 2022
2022,Senate,_classic,9/11/22,.773225,.226775,51.44997,48.55003,52,48,55,52,48,45,7.53e+07,8.24e+07,6.83e+07,3.345509,9.126297,-2.423435,40000,20:12:14 11 Sep 2022
2022,Senate,_classic,9/10/22,.772125,.227875,51.44537,48.55463,52,48,55,52,48,45,7.53e+07,8.23e+07,6.83e+07,3.333794,9.134991,-2.504025,40000,20:11:55 10 Sep 2022
2022,Senate,_classic,9/9/22,.771675,.228325,51.44025,48.55975,52,48,55,52,48,45,7.53e+07,8.23e+07,6.83e+07,3.321529,9.116007,-2.489023,40000,20:12:16  9 Sep 2022
2022,Senate,_classic,9/8/22,.78555,.21445,51.52742,48.47255,52,48,55,52,48,45,7.53e+07,8.23e+07,6.83e+07,3.36179,9.200861,-2.496891,40000,20:11:52  8 Sep 2022
2022,Senate,_classic,9/7/22,.785525,.214475,51.51352,48.48648,52,48,55,52,48,45,7.53e+07,8.23e+07,6.82e+07,3.326015,9.158207,-2.446505,40000,20:11:39  7 Sep 2022
2022,Senate,_classic,9/6/22,.78255,.21745,51.4816,48.51838,52,48,55,52,48,45,7.52e+07,8.24e+07,6.83e+07,3.290531,9.163904,-2.588919,40000,20:34:12  6 Sep 2022
2022,Senate,_classic,9/5/22,.77695,.22305,51.42133,48.57867,52,48,55,52,48,45,7.52e+07,8.22e+07,6.82e+07,3.142067,8.956686,-2.721878,40000,20:12:34  5 Sep 2022
2022,Senate,_classic,9/4/22,.773125,.226875,51.40805,48.59193,52,48,55,52,48,45,7.52e+07,8.22e+07,6.82e+07,3.127155,8.995142,-2.768887,40000,20:11:35  4 Sep 2022
2022,Senate,_classic,9/3/22,.7721,.2279,51.4085,48.5915,52,48,55,52,48,45,7.52e+07,8.23e+07,6.81e+07,3.116287,8.985779,-2.748278,40000,20:12:01  3 Sep 2022
2022,Senate,_classic,9/2/22,.770575,.229425,51.40258,48.59742,52,48,55,52,48,45,7.52e+07,8.22e+07,6.82e+07,3.105522,9.038086,-2.850954,40000,20:12:01  2 Sep 2022
2022,Senate,_classic,9/1/22,.77685,.22315,51.42223,48.57775,52,48,55,52,48,45,7.52e+07,8.23e+07,6.82e+07,3.163876,9.174107,-2.754646,40000,21:03:10  1 Sep 2022
2022,Senate,_classic,8/31/22,.776625,.223375,51.4501,48.5499,52,48,55,52,48,45,7.52e+07,8.23e+07,6.80e+07,3.210213,9.045601,-2.703625,40000,20:33:38 31 Aug 2022
2022,Senate,_classic,8/30/22,.771425,.228575,51.39138,48.60862,52,48,55,52,48,45,7.52e+07,8.22e+07,6.81e+07,2.922604,8.799936,-3.025827,40000,21:45:07 30 Aug 2022
2022,Senate,_classic,8/29/22,.772475,.227525,51.41402,48.58598,52,48,55,52,48,45,7.52e+07,8.22e+07,6.82e+07,2.823692,8.872055,-3.193913,40000,20:46:58 29 Aug 2022
2022,Senate,_classic,8/28/22,.76075,.23925,51.33107,48.66893,52,48,55,52,48,45,7.52e+07,8.22e+07,6.82e+07,2.77655,8.749922,-3.21394,40000,20:13:50 28 Aug 2022
2022,Senate,_classic,8/27/22,.7596,.2404,51.30885,48.69115,52,48,55,52,48,45,7.52e+07,8.23e+07,6.81e+07,2.807903,8.775223,-3.270868,40000,20:43:49 27 Aug 2022
2022,Senate,_classic,8/26/22,.757425,.242575,51.28005,48.71995,51,49,54,52,48,46,7.52e+07,8.22e+07,6.81e+07,2.784878,8.702959,-3.281683,40000,21:11:14 26 Aug 2022
2022,Senate,_classic,8/25/22,.753925,.246075,51.27633,48.72367,51,49,55,52,48,45,7.52e+07,8.22e+07,6.82e+07,2.731972,8.608873,-3.324356,40000,20:16:57 25 Aug 2022
2022,Senate,_classic,8/24/22,.75185,.24815,51.28012,48.71988,51,49,55,52,48,45,7.52e+07,8.22e+07,6.81e+07,2.680073,8.770866,-3.418686,40000,20:38:51 24 Aug 2022
2022,Senate,_classic,8/23/22,.755825,.244175,51.29298,48.70702,51,49,55,52,48,45,7.50e+07,8.21e+07,6.80e+07,2.649364,8.742891,-3.306606,40000,21:24:37 23 Aug 2022
2022,Senate,_classic,8/22/22,.753875,.246125,51.27245,48.72752,51,49,55,52,48,45,7.50e+07,8.21e+07,6.81e+07,2.690277,8.660856,-3.391008,40000,20:34:07 22 Aug 2022
2022,Senate,_classic,8/21/22,.7527,.2473,51.2646,48.7354,51,49,55,52,48,45,7.50e+07,8.20e+07,6.81e+07,2.727806,8.743084,-3.405458,40000,20:11:32 21 Aug 2022
2022,Senate,_classic,8/20/22,.751925,.248075,51.26847,48.73153,51,49,55,52,48,45,7.50e+07,8.20e+07,6.80e+07,2.755714,8.800753,-3.304308,40000,20:11:50 20 Aug 2022
2022,Senate,_classic,8/19/22,.75185,.24815,51.2553,48.7447,51,49,55,52,48,45,7.50e+07,8.22e+07,6.80e+07,2.742149,8.797407,-3.344141,40000,21:33:49 19 Aug 2022
2022,Senate,_classic,8/18/22,.75265,.24735,51.2707,48.7293,51,49,55,52,48,45,7.50e+07,8.21e+07,6.80e+07,2.719418,8.792107,-3.404392,40000,21:32:44 18 Aug 2022
2022,Senate,_classic,8/17/22,.752975,.247025,51.27025,48.72972,51,49,55,52,48,45,7.50e+07,8.21e+07,6.80e+07,2.703796,8.73963,-3.370823,40000,20:11:49 17 Aug 2022
2022,Senate,_classic,8/16/22,.74225,.25775,51.2006,48.7994,51,49,54,52,48,46,7.45e+07,8.16e+07,6.75e+07,2.648315,8.726479,-3.484182,40000,20:44:33 16 Aug 2022
2022,Senate,_classic,8/15/22,.740775,.259225,51.10162,48.89835,51,49,54,52,48,46,7.45e+07,8.16e+07,6.75e+07,2.31847,8.442064,-3.776815,40000,20:43:46 15 Aug 2022
2022,Senate,_classic,8/14/22,.740675,.259325,51.11652,48.88348,51,49,54,52,48,46,7.45e+07,8.16e+07,6.76e+07,2.330288,8.502073,-3.82235,40000,20:11:55 14 Aug 2022
2022,Senate,_classic,8/13/22,.738975,.261025,51.10263,48.89737,51,49,54,52,48,46,7.45e+07,8.16e+07,6.75e+07,2.317307,8.349779,-3.813412,40000,20:11:55 13 Aug 2022
2022,Senate,_classic,8/12/22,.73605,.26395,51.08892,48.91108,51,49,54,52,48,46,7.45e+07,8.15e+07,6.76e+07,2.304043,8.51156,-3.879066,40000,20:11:42 12 Aug 2022
2022,Senate,_classic,8/11/22,.728175,.271825,51.05333,48.94667,51,49,54,52,48,46,7.45e+07,8.16e+07,6.75e+07,2.245052,8.416864,-3.987709,40000,21:14:54 11 Aug 2022
2022,Senate,_classic,8/10/22,.72355,.27645,50.99185,49.00815,51,49,54,53,47,46,7.45e+07,8.16e+07,6.75e+07,2.152897,8.334402,-4.200531,40000,22:04:32 10 Aug 2022
2022,Senate,_classic,8/9/22,.7191,.2809,50.96083,49.03917,51,49,54,53,47,46,7.43e+07,8.14e+07,6.72e+07,2.078766,8.265013,-4.151012,40000,20:11:26  9 Aug 2022
2022,Senate,_classic,8/8/22,.71225,.28775,50.929,49.071,51,49,54,53,47,46,7.43e+07,8.13e+07,6.72e+07,2.087223,8.221706,-4.154654,40000,20:53:53  8 Aug 2022
2022,Senate,_classic,8/7/22,.7052,.2948,50.87342,49.12658,51,49,54,53,47,46,7.43e+07,8.14e+07,6.72e+07,1.976009,8.135767,-4.277739,40000,20:11:27  7 Aug 2022
2022,Senate,_classic,8/6/22,.71325,.28675,50.90065,49.09935,51,49,54,53,47,46,7.43e+07,8.14e+07,6.73e+07,1.968864,8.13558,-4.267916,40000,20:11:29  6 Aug 2022
2022,Senate,_classic,8/5/22,.710125,.289875,50.90665,49.09335,51,49,54,53,47,46,7.43e+07,8.13e+07,6.72e+07,1.955196,8.192217,-4.297199,40000,20:11:33  5 Aug 2022
2022,Senate,_classic,8/4/22,.706175,.293825,50.86125,49.13875,51,49,54,53,47,46,7.43e+07,8.12e+07,6.72e+07,1.89497,8.138268,-4.35784,40000,20:53:28  4 Aug 2022
2022,Senate,_classic,8/3/22,.69925,.30075,50.81837,49.18163,51,49,54,53,47,46,7.43e+07,8.13e+07,6.72e+07,1.839462,8.124281,-4.394814,40000,20:52:45  3 Aug 2022
2022,Senate,_classic,8/2/22,.694625,.305375,50.8088,49.1912,51,49,54,53,47,46,7.45e+07,8.14e+07,6.75e+07,1.806351,8.092743,-4.459391,40000,20:53:27  2 Aug 2022
2022,Senate,_classic,8/1/22,.684325,.315675,50.75602,49.24398,51,49,54,53,47,46,7.45e+07,8.14e+07,6.74e+07,1.972301,8.334593,-4.352383,40000,20:39:38  1 Aug 2022
2022,Senate,_classic,7/31/22,.6838,.3162,50.75775,49.24225,51,49,54,53,47,46,7.45e+07,8.15e+07,6.74e+07,1.928062,8.244667,-4.304766,40000,20:11:29 31 Jul 2022
2022,Senate,_classic,7/30/22,.682075,.317925,50.7239,49.2761,51,49,54,53,47,46,7.45e+07,8.16e+07,6.75e+07,1.950191,8.22057,-4.399828,40000,20:12:24 30 Jul 2022
2022,Senate,_classic,7/29/22,.6868,.3132,50.76038,49.23962,51,49,54,53,47,46,7.45e+07,8.15e+07,6.74e+07,1.939251,8.224138,-4.357725,40000,21:01:25 29 Jul 2022
2022,Senate,_classic,7/28/22,.6659,.3341,50.64933,49.35067,51,49,54,53,47,46,7.45e+07,8.16e+07,6.75e+07,1.893906,8.206553,-4.440346,40000,21:36:57 28 Jul 2022
2022,Senate,_classic,7/27/22,.639925,.360075,50.43205,49.56795,51,49,54,53,47,46,7.45e+07,8.15e+07,6.75e+07,1.619362,7.933641,-4.686178,40000,20:31:21 27 Jul 2022
2022,Senate,_classic,7/26/22,.61945,.38055,50.30745,49.69255,50,50,54,53,47,46,7.52e+07,8.23e+07,6.83e+07,1.483917,7.746304,-4.97584,40000,20:43:20 26 Jul 2022
2022,Senate,_classic,7/25/22,.61085,.38915,50.2433,49.7567,50,50,54,54,46,46,7.52e+07,8.24e+07,6.82e+07,1.275803,7.54915,-5.10454,40000,21:00:44 25 Jul 2022
2022,Senate,_classic,7/24/22,.609075,.390925,50.24697,49.753,50,50,54,54,46,46,7.52e+07,8.23e+07,6.81e+07,1.213573,7.548,-5.125517,40000,20:10:58 24 Jul 2022
2022,Senate,_classic,7/23/22,.615275,.384725,50.28665,49.71335,50,50,54,53,47,46,7.52e+07,8.23e+07,6.83e+07,1.397419,7.799416,-4.944351,40000,20:10:44 23 Jul 2022
2022,Senate,_classic,7/22/22,.613225,.386775,50.26373,49.73627,50,50,54,53,47,46,7.52e+07,8.23e+07,6.82e+07,1.386684,7.703211,-5.034794,40000,21:13:18 22 Jul 2022
2022,Senate,_classic,7/21/22,.6132,.3868,50.26778,49.73222,50,50,54,53,47,46,7.52e+07,8.24e+07,6.82e+07,1.306637,7.73601,-5.048443,40000,20:11:00 21 Jul 2022
2022,Senate,_classic,7/20/22,.600375,.399625,50.1646,49.8354,50,50,54,54,46,46,7.52e+07,8.23e+07,6.82e+07,1.090912,7.468084,-5.374722,40000,20:50:08 20 Jul 2022
2022,Senate,_classic,7/19/22,.59435,.40565,50.1699,49.8301,50,50,54,54,46,46,7.56e+07,8.26e+07,6.85e+07,1.020657,7.398539,-5.436632,40000,20:11:34 19 Jul 2022
2022,Senate,_classic,7/18/22,.596275,.403725,50.1641,49.8359,50,50,54,54,46,46,7.56e+07,8.26e+07,6.85e+07,.9797401,7.34264,-5.468769,40000,20:11:35 18 Jul 2022
2022,Senate,_classic,7/17/22,.5958,.4042,50.17157,49.8284,50,50,54,54,46,46,7.56e+07,8.27e+07,6.86e+07,.9991989,7.410391,-5.435875,40000,20:10:28 17 Jul 2022
2022,Senate,_classic,7/16/22,.598575,.401425,50.1681,49.8319,50,50,54,54,46,46,7.56e+07,8.26e+07,6.86e+07,.9757538,7.404514,-5.469433,40000,20:10:31 16 Jul 2022
2022,Senate,_classic,7/15/22,.602475,.397525,50.21485,49.78515,50,50,54,54,46,46,7.56e+07,8.27e+07,6.85e+07,.9685097,7.444107,-5.402531,40000,20:10:41 15 Jul 2022
2022,Senate,_classic,7/14/22,.595125,.404875,50.15638,49.84362,50,50,54,54,46,46,7.56e+07,8.25e+07,6.86e+07,.9450645,7.364489,-5.618963,40000,20:29:51 14 Jul 2022
2022,Senate,_classic,7/13/22,.582625,.417375,50.06607,49.93393,50,50,54,54,46,46,7.63e+07,8.34e+07,6.93e+07,.7233467,7.200794,-5.800308,40000,22:14:55 13 Jul 2022
2022,Senate,_classic,7/12/22,.568375,.431625,49.9563,50.0437,50,50,54,54,46,46,7.66e+07,8.37e+07,6.96e+07,.5628204,7.057495,-5.991472,40000,20:10:30 12 Jul 2022
2022,Senate,_classic,7/11/22,.57805,.42195,50.01752,49.98245,50,50,54,54,46,46,7.66e+07,8.37e+07,6.96e+07,.6057777,7.191092,-5.917933,40000,20:11:01 11 Jul 2022
2022,Senate,_classic,7/10/22,.5836,.4164,50.03905,49.96093,50,50,54,54,46,46,7.66e+07,8.38e+07,6.96e+07,.7336197,7.074574,-5.80294,40000,20:10:27 10 Jul 2022
2022,Senate,_classic,7/9/22,.58575,.41425,50.0585,49.9415,50,50,54,54,46,46,7.66e+07,8.38e+07,6.95e+07,.7265205,7.179396,-5.743074,40000,20:10:36  9 Jul 2022
2022,Senate,_classic,7/8/22,.586475,.413525,50.0497,49.9503,50,50,54,54,46,46,7.66e+07,8.36e+07,6.97e+07,.7184067,7.240309,-5.801632,40000,20:10:33  8 Jul 2022
2022,Senate,_classic,7/7/22,.588675,.411325,50.09405,49.90595,50,50,54,54,46,46,7.66e+07,8.36e+07,6.96e+07,.7770958,7.353273,-5.769417,40000,20:10:16  7 Jul 2022
2022,Senate,_classic,7/6/22,.581925,.418075,50.0174,49.9826,50,50,54,54,46,46,7.66e+07,8.37e+07,6.96e+07,.6573448,7.213253,-5.852287,40000,20:10:27  6 Jul 2022
2022,Senate,_classic,7/5/22,.574725,.425275,49.96883,50.03117,50,50,54,54,46,46,7.62e+07,8.32e+07,6.92e+07,.6027908,7.114569,-5.947828,40000,20:32:45  5 Jul 2022
2022,Senate,_classic,7/4/22,.56625,.43375,49.90085,50.09915,50,50,54,54,46,46,7.62e+07,8.33e+07,6.92e+07,.4739113,6.948612,-5.998697,40000,20:44:02  4 Jul 2022
2022,Senate,_classic,7/3/22,.56585,.43415,49.89022,50.10978,50,50,54,54,46,46,7.62e+07,8.32e+07,6.91e+07,.466732,6.98201,-6.086945,40000,20:13:30  3 Jul 2022
2022,Senate,_classic,7/2/22,.568775,.431225,49.90932,50.09068,50,50,54,54,46,46,7.62e+07,8.33e+07,6.92e+07,.4609032,6.992514,-6.041412,40000,20:13:08  2 Jul 2022
2022,Senate,_classic,7/1/22,.569125,.430875,49.90225,50.09775,50,50,54,54,46,46,7.62e+07,8.33e+07,6.91e+07,.4558105,7.012348,-6.065607,40000,20:13:01  1 Jul 2022
2022,Senate,_classic,6/30/22,.562425,.437575,49.87243,50.12757,50,50,54,54,46,46,7.62e+07,8.32e+07,6.93e+07,.3851585,6.969521,-6.084291,40000,20:51:20 30 Jun 2022
2022,Senate,_classic,6/29/22,.595925,.404075,50.05315,49.94685,50,50,54,54,46,46,7.62e+07,8.33e+07,6.92e+07,.5278893,7.104412,-6.09226,40000,22:11:20 29 Jun 2022
2022,Senate,_classic,6/26/22,.56115,.43885,49.86248,50.13752,50,50,53,54,46,47,7.58e+07,8.29e+07,6.88e+07,.302887,6.842136,-6.224846,40000,11:19:59 29 Jun 2022
2022,Senate,_classic,6/25/22,.5584,.4416,49.84298,50.15702,50,50,53,54,46,47,7.58e+07,8.29e+07,6.89e+07,.3064499,6.861156,-6.392529,40000,12:03:45 29 Jun 2022
2022,Senate,_classic,6/24/22,.56345,.43655,49.86633,50.13367,50,50,53,54,46,47,7.58e+07,8.29e+07,6.88e+07,.3051224,6.979788,-6.361845,40000,11:37:32 29 Jun 2022
2022,Senate,_classic,6/22/22,.556725,.443275,49.83337,50.1666,50,50,53,54,46,47,7.58e+07,8.29e+07,6.88e+07,.2814751,6.903742,-6.422701,40000,11:38:08 29 Jun 2022
2022,Senate,_classic,6/21/22,.54325,.45675,49.7762,50.2238,50,50,53,54,46,47,7.58e+07,8.29e+07,6.88e+07,.1925507,6.894972,-6.431183,40000,12:22:16 29 Jun 2022
2022,Senate,_classic,6/19/22,.5418,.4582,49.7381,50.2619,50,50,53,54,46,47,7.56e+07,8.27e+07,6.87e+07,.1750107,6.854578,-6.515383,40000,11:56:12 29 Jun 2022
2022,Senate,_classic,6/18/22,.544,.456,49.75725,50.24275,50,50,53,54,46,47,7.56e+07,8.26e+07,6.86e+07,.1757164,6.911047,-6.459249,40000,11:55:44 29 Jun 2022
2022,Senate,_classic,6/17/22,.5402,.4598,49.72998,50.27002,50,50,53,54,46,47,7.56e+07,8.27e+07,6.86e+07,.1767921,6.838999,-6.452168,40000,12:40:38 29 Jun 2022
2022,Senate,_classic,6/15/22,.54085,.45915,49.75523,50.24477,50,50,53,54,46,47,7.56e+07,8.26e+07,6.86e+07,.159359,6.958876,-6.537828,40000,12:14:19 29 Jun 2022
2022,Senate,_classic,6/14/22,.5142,.4858,49.59025,50.40975,50,50,53,54,46,47,7.56e+07,8.27e+07,6.87e+07,.0138016,6.672575,-6.757568,40000,12:13:39 29 Jun 2022
2022,Senate,_classic,6/13/22,.503475,.496525,49.55523,50.44477,50,50,53,54,46,47,7.52e+07,8.21e+07,6.82e+07,.0008354,6.727489,-6.743382,40000,12:58:34 29 Jun 2022
2022,Senate,_classic,6/11/22,.503425,.496575,49.52305,50.47695,50,50,53,54,46,47,7.52e+07,8.23e+07,6.82e+07,-.0815811,6.672087,-6.822891,40000,12:32:30 29 Jun 2022
2022,Senate,_classic,6/10/22,.500125,.499875,49.51162,50.48838,50,50,53,54,46,47,7.52e+07,8.22e+07,6.82e+07,-.07938,6.665751,-6.879688,40000,12:31:52 29 Jun 2022
2022,Senate,_classic,6/9/22,.50205,.49795,49.5189,50.4811,50,50,53,54,46,47,7.52e+07,8.23e+07,6.82e+07,-.0760231,6.590517,-6.851933,40000,13:16:38 29 Jun 2022
2022,Senate,_classic,6/7/22,.505625,.494375,49.55645,50.44355,50,50,53,54,46,47,7.52e+07,8.23e+07,6.83e+07,-.0160866,6.786156,-6.845871,40000,12:50:50 29 Jun 2022
2022,Senate,_classic,6/6/22,.508225,.491775,49.58318,50.41682,50,50,53,54,46,47,7.53e+07,8.24e+07,6.84e+07,.0066566,6.763279,-6.765743,40000,12:49:58 29 Jun 2022
2022,Senate,_classic,6/5/22,.519925,.480075,49.63448,50.36552,50,50,53,54,46,47,7.53e+07,8.23e+07,6.82e+07,.1189651,6.890848,-6.627779,40000,13:34:55 29 Jun 2022
2022,Senate,_classic,6/3/22,.51545,.48455,49.62663,50.37337,50,50,53,54,46,47,7.53e+07,8.24e+07,6.83e+07,.1685333,7.078745,-6.622646,40000,13:08:55 29 Jun 2022
2022,Senate,_classic,6/2/22,.5169,.4831,49.61935,50.38065,50,50,53,54,46,47,7.53e+07,8.24e+07,6.83e+07,.1780853,6.9886,-6.683662,40000,13:07:40 29 Jun 2022
2022,Senate,_classic,6/1/22,.51665,.48335,49.6258,50.3742,50,50,53,54,46,47,7.53e+07,8.23e+07,6.83e+07,.1732521,7.016474,-6.678333,40000,13:53:05 29 Jun 2022
