cycle,branch,forecastdate,district,candidateA,candidateB,displaystep,description,margin,lite_weight,classic_weight,deluxe_weight,simulations,timestamp
2022,Governor,9/23/22,WY-G1,Theresa A. Livingston,Mark Gordon,4,Expert ratings adjusted for national environment,-40.83965,0,0,.7177314,40000,15:23:21 23 Sep 2022
2022,Governor,9/23/22,WY-G1,Theresa A. Livingston,Mark Gordon,3,Fundamentals (non-polling factors),-41.37766,0,1.284435,1.284435,40000,15:23:21 23 Sep 2022
2022,Governor,9/23/22,WY-G1,Theresa A. Livingston,Mark Gordon,2,CANTOR (analysis of comparable disticts),-37.67937,.8358126,.1545999,.1545999,40000,15:23:21 23 Sep 2022
2022,Governor,9/23/22,WY-G1,Theresa A. Livingston,Mark Gordon,1,Polls adjusted for house effects & other factors,,0,0,0,40000,15:23:21 23 Sep 2022
2022,Governor,9/23/22,WI-G1,Tony Evers,Tim Michels,4,Expert ratings adjusted for national environment,.1502501,0,0,3.960615,40000,15:23:21 23 Sep 2022
2022,Governor,9/23/22,WI-G1,Tony Evers,Tim Michels,3,Fundamentals (non-polling factors),14.63445,0,1.284435,1.284435,40000,15:23:21 23 Sep 2022
2022,Governor,9/23/22,WI-G1,Tony Evers,Tim Michels,2,CANTOR (analysis of comparable disticts),12.58114,0,.1545999,.1545999,40000,15:23:21 23 Sep 2022
2022,Governor,9/23/22,WI-G1,Tony Evers,Tim Michels,1,Polls adjusted for house effects & other factors,2.980095,6.501905,6.501905,6.501905,40000,15:23:21 23 Sep 2022
2022,Governor,9/23/22,VT-G1,Brenda Siegel,Phil Scott,4,Expert ratings adjusted for national environment,-30.9205,0,0,1.68552,40000,15:23:21 23 Sep 2022
2022,Governor,9/23/22,VT-G1,Brenda Siegel,Phil Scott,3,Fundamentals (non-polling factors),-10.48464,0,1.284435,1.284435,40000,15:23:21 23 Sep 2022
2022,Governor,9/23/22,VT-G1,Brenda Siegel,Phil Scott,2,CANTOR (analysis of comparable disticts),-.2721639,.0596064,.1545999,.1545999,40000,15:23:21 23 Sep 2022
2022,Governor,9/23/22,VT-G1,Brenda Siegel,Phil Scott,1,Polls adjusted for house effects & other factors,-46.8858,1.940394,1.940394,1.940394,40000,15:23:21 23 Sep 2022
2022,Governor,9/23/22,TX-G1,Beto O'Rourke,Greg Abbott,4,Expert ratings adjusted for national environment,-16.06407,0,0,2.749118,40000,15:23:21 23 Sep 2022
2022,Governor,9/23/22,TX-G1,Beto O'Rourke,Greg Abbott,3,Fundamentals (non-polling factors),-11.2646,0,1.284435,1.284435,40000,15:23:21 23 Sep 2022
2022,Governor,9/23/22,TX-G1,Beto O'Rourke,Greg Abbott,2,CANTOR (analysis of comparable disticts),-12.90756,0,.1545999,.1545999,40000,15:23:21 23 Sep 2022
2022,Governor,9/23/22,TX-G1,Beto O'Rourke,Greg Abbott,1,Polls adjusted for house effects & other factors,-6.686974,4.072883,4.072883,4.072883,40000,15:23:21 23 Sep 2022
2022,Governor,9/23/22,TN-G1,Jason Brantley Martin,Bill Lee,4,Expert ratings adjusted for national environment,-26.35253,0,0,.7177314,40000,15:23:21 23 Sep 2022
2022,Governor,9/23/22,TN-G1,Jason Brantley Martin,Bill Lee,3,Fundamentals (non-polling factors),-25.66439,0,1.284435,1.284435,40000,15:23:21 23 Sep 2022
2022,Governor,9/23/22,TN-G1,Jason Brantley Martin,Bill Lee,2,CANTOR (analysis of comparable disticts),-27.93072,.8358126,.1545999,.1545999,40000,15:23:21 23 Sep 2022
2022,Governor,9/23/22,TN-G1,Jason Brantley Martin,Bill Lee,1,Polls adjusted for house effects & other factors,,0,0,0,40000,15:23:21 23 Sep 2022
2022,Governor,9/23/22,SD-G1,Jamie Smith,Kristi Noem,4,Expert ratings adjusted for national environment,-25.87824,0,0,.7177314,40000,15:23:21 23 Sep 2022
2022,Governor,9/23/22,SD-G1,Jamie Smith,Kristi Noem,3,Fundamentals (non-polling factors),-24.88171,0,1.284435,1.284435,40000,15:23:21 23 Sep 2022
2022,Governor,9/23/22,SD-G1,Jamie Smith,Kristi Noem,2,CANTOR (analysis of comparable disticts),-29.10245,.8358126,.1545999,.1545999,40000,15:23:21 23 Sep 2022
2022,Governor,9/23/22,SD-G1,Jamie Smith,Kristi Noem,1,Polls adjusted for house effects & other factors,,0,0,0,40000,15:23:21 23 Sep 2022
2022,Governor,9/23/22,SC-G1,Joe Cunningham,Henry McMaster,4,Expert ratings adjusted for national environment,-24.36216,0,0,2.458977,40000,15:23:21 23 Sep 2022
2022,Governor,9/23/22,SC-G1,Joe Cunningham,Henry McMaster,3,Fundamentals (non-polling factors),-14.82285,0,1.284435,1.284435,40000,15:23:21 23 Sep 2022
2022,Governor,9/23/22,SC-G1,Joe Cunningham,Henry McMaster,2,CANTOR (analysis of comparable disticts),-13.68025,0,.1545999,.1545999,40000,15:23:21 23 Sep 2022
2022,Governor,9/23/22,SC-G1,Joe Cunningham,Henry McMaster,1,Polls adjusted for house effects & other factors,-7.394169,3.491157,3.491157,3.491157,40000,15:23:21 23 Sep 2022
2022,Governor,9/23/22,RI-G1,Daniel J. McKee,Ashley Kalus,4,Expert ratings adjusted for national environment,19.04873,0,0,1.135913,40000,15:23:21 23 Sep 2022
2022,Governor,9/23/22,RI-G1,Daniel J. McKee,Ashley Kalus,3,Fundamentals (non-polling factors),14.15463,0,1.284435,1.284435,40000,15:23:21 23 Sep 2022
2022,Governor,9/23/22,RI-G1,Daniel J. McKee,Ashley Kalus,2,CANTOR (analysis of comparable disticts),8.877715,.8358126,.1545999,.1545999,40000,15:23:21 23 Sep 2022
2022,Governor,9/23/22,RI-G1,Daniel J. McKee,Ashley Kalus,1,Polls adjusted for house effects & other factors,22.68837,.8384443,.8384443,.8384443,40000,15:23:21 23 Sep 2022
2022,Governor,9/23/22,PA-G1,Josh Shapiro,Douglas V. Mastriano,4,Expert ratings adjusted for national environment,6.087348,0,0,4.628662,40000,15:23:21 23 Sep 2022
2022,Governor,9/23/22,PA-G1,Josh Shapiro,Douglas V. Mastriano,3,Fundamentals (non-polling factors),12.1669,0,1.284435,1.284435,40000,15:23:21 23 Sep 2022
2022,Governor,9/23/22,PA-G1,Josh Shapiro,Douglas V. Mastriano,2,CANTOR (analysis of comparable disticts),3.055631,0,.1545999,.1545999,40000,15:23:21 23 Sep 2022
2022,Governor,9/23/22,PA-G1,Josh Shapiro,Douglas V. Mastriano,1,Polls adjusted for house effects & other factors,9.761742,7.841323,7.841323,7.841323,40000,15:23:21 23 Sep 2022
2022,Governor,9/23/22,OR-G1,Tina Kotek,Christine Drazan,4,Expert ratings adjusted for national environment,1.609446,0,0,1.65187,40000,15:23:21 23 Sep 2022
2022,Governor,9/23/22,OR-G1,Tina Kotek,Christine Drazan,3,Fundamentals (non-polling factors),5.319333,0,1.284435,1.284435,40000,15:23:21 23 Sep 2022
2022,Governor,9/23/22,OR-G1,Tina Kotek,Christine Drazan,2,CANTOR (analysis of comparable disticts),4.372212,.1270751,.1545999,.1545999,40000,15:23:21 23 Sep 2022
2022,Governor,9/23/22,OR-G1,Tina Kotek,Christine Drazan,1,Polls adjusted for house effects & other factors,3.730844,1.872925,1.872925,1.872925,40000,15:23:21 23 Sep 2022
2022,Governor,9/23/22,OK-G1,Joy Hofmeister,Kevin Stitt,4,Expert ratings adjusted for national environment,-22.23244,0,0,1.750407,40000,15:23:21 23 Sep 2022
2022,Governor,9/23/22,OK-G1,Joy Hofmeister,Kevin Stitt,3,Fundamentals (non-polling factors),-24.23902,0,1.284435,1.284435,40000,15:23:21 23 Sep 2022
2022,Governor,9/23/22,OK-G1,Joy Hofmeister,Kevin Stitt,2,CANTOR (analysis of comparable disticts),-19.65629,0,.1545999,.1545999,40000,15:23:21 23 Sep 2022
2022,Governor,9/23/22,OK-G1,Joy Hofmeister,Kevin Stitt,1,Polls adjusted for house effects & other factors,-11.24694,2.07049,2.07049,2.07049,40000,15:23:21 23 Sep 2022
2022,Governor,9/23/22,OH-G1,Nan Whaley,Mike DeWine,4,Expert ratings adjusted for national environment,-19.23913,0,0,5.309604,40000,15:23:21 23 Sep 2022
2022,Governor,9/23/22,OH-G1,Nan Whaley,Mike DeWine,3,Fundamentals (non-polling factors),-15.83481,0,1.284435,1.284435,40000,15:23:21 23 Sep 2022
2022,Governor,9/23/22,OH-G1,Nan Whaley,Mike DeWine,2,CANTOR (analysis of comparable disticts),-11.02347,0,.1545999,.1545999,40000,15:23:21 23 Sep 2022
2022,Governor,9/23/22,OH-G1,Nan Whaley,Mike DeWine,1,Polls adjusted for house effects & other factors,-13.93778,9.206596,9.206596,9.206596,40000,15:23:21 23 Sep 2022
2022,Governor,9/23/22,NY-G1,Kathy C. Hochul,Lee M. Zeldin,4,Expert ratings adjusted for national environment,22.90905,0,0,3.892781,40000,15:23:21 23 Sep 2022
2022,Governor,9/23/22,NY-G1,Kathy C. Hochul,Lee M. Zeldin,3,Fundamentals (non-polling factors),17.84881,0,1.284435,1.284435,40000,15:23:21 23 Sep 2022
2022,Governor,9/23/22,NY-G1,Kathy C. Hochul,Lee M. Zeldin,2,CANTOR (analysis of comparable disticts),7.617032,0,.1545999,.1545999,40000,15:23:21 23 Sep 2022
2022,Governor,9/23/22,NY-G1,Kathy C. Hochul,Lee M. Zeldin,1,Polls adjusted for house effects & other factors,14.49772,6.3659,6.3659,6.3659,40000,15:23:21 23 Sep 2022
2022,Governor,9/23/22,NV-G1,Steve Sisolak,Joe Lombardo,4,Expert ratings adjusted for national environment,1.609446,0,0,3.086807,40000,15:23:21 23 Sep 2022
2022,Governor,9/23/22,NV-G1,Steve Sisolak,Joe Lombardo,3,Fundamentals (non-polling factors),13.17545,0,1.284435,1.284435,40000,15:23:21 23 Sep 2022
2022,Governor,9/23/22,NV-G1,Steve Sisolak,Joe Lombardo,2,CANTOR (analysis of comparable disticts),10.1083,0,.1545999,.1545999,40000,15:23:21 23 Sep 2022
2022,Governor,9/23/22,NV-G1,Steve Sisolak,Joe Lombardo,1,Polls adjusted for house effects & other factors,1.353104,4.74994,4.74994,4.74994,40000,15:23:21 23 Sep 2022
2022,Governor,9/23/22,NM-G1,Michelle Lujan Grisham,Mark V. Ronchetti,4,Expert ratings adjusted for national environment,6.867104,0,0,2.585798,40000,15:23:21 23 Sep 2022
2022,Governor,9/23/22,NM-G1,Michelle Lujan Grisham,Mark V. Ronchetti,3,Fundamentals (non-polling factors),10.99724,0,1.284435,1.284435,40000,15:23:21 23 Sep 2022
2022,Governor,9/23/22,NM-G1,Michelle Lujan Grisham,Mark V. Ronchetti,2,CANTOR (analysis of comparable disticts),13.70239,0,.1545999,.1545999,40000,15:23:21 23 Sep 2022
2022,Governor,9/23/22,NM-G1,Michelle Lujan Grisham,Mark V. Ronchetti,1,Polls adjusted for house effects & other factors,7.146221,3.745429,3.745429,3.745429,40000,15:23:21 23 Sep 2022
2022,Governor,9/23/22,NH-G1,Tom Sherman,Chris Sununu,4,Expert ratings adjusted for national environment,-19.47849,0,0,2.652379,40000,15:23:21 23 Sep 2022
2022,Governor,9/23/22,NH-G1,Tom Sherman,Chris Sununu,3,Fundamentals (non-polling factors),-.0541503,0,1.284435,1.284435,40000,15:23:21 23 Sep 2022
2022,Governor,9/23/22,NH-G1,Tom Sherman,Chris Sununu,2,CANTOR (analysis of comparable disticts),-7.958791,0,.1545999,.1545999,40000,15:23:21 23 Sep 2022
2022,Governor,9/23/22,NH-G1,Tom Sherman,Chris Sununu,1,Polls adjusted for house effects & other factors,-17.80147,3.878923,3.878923,3.878923,40000,15:23:21 23 Sep 2022
2022,Governor,9/23/22,NE-G1,Carol Blood,Jim Pillen,4,Expert ratings adjusted for national environment,-22.63433,0,0,.7177314,40000,15:23:21 23 Sep 2022
2022,Governor,9/23/22,NE-G1,Carol Blood,Jim Pillen,3,Fundamentals (non-polling factors),-21.71125,0,1.284435,1.284435,40000,15:23:21 23 Sep 2022
2022,Governor,9/23/22,NE-G1,Carol Blood,Jim Pillen,2,CANTOR (analysis of comparable disticts),-7.600727,.8358126,.1545999,.1545999,40000,15:23:21 23 Sep 2022
2022,Governor,9/23/22,NE-G1,Carol Blood,Jim Pillen,1,Polls adjusted for house effects & other factors,,0,0,0,40000,15:23:21 23 Sep 2022
2022,Governor,9/23/22,MN-G1,Tim Walz,Scott Jensen,4,Expert ratings adjusted for national environment,10.44208,0,0,2.861634,40000,15:23:21 23 Sep 2022
2022,Governor,9/23/22,MN-G1,Tim Walz,Scott Jensen,3,Fundamentals (non-polling factors),14.21785,0,1.284435,1.284435,40000,15:23:21 23 Sep 2022
2022,Governor,9/23/22,MN-G1,Tim Walz,Scott Jensen,2,CANTOR (analysis of comparable disticts),13.60394,0,.1545999,.1545999,40000,15:23:21 23 Sep 2022
2022,Governor,9/23/22,MN-G1,Tim Walz,Scott Jensen,1,Polls adjusted for house effects & other factors,10.59935,4.298473,4.298473,4.298473,40000,15:23:21 23 Sep 2022
2022,Governor,9/23/22,MI-G1,Gretchen Whitmer,Tudor M. Dixon,4,Expert ratings adjusted for national environment,6.087348,0,0,2.673449,40000,15:23:21 23 Sep 2022
2022,Governor,9/23/22,MI-G1,Gretchen Whitmer,Tudor M. Dixon,3,Fundamentals (non-polling factors),16.74988,0,1.284435,1.284435,40000,15:23:21 23 Sep 2022
2022,Governor,9/23/22,MI-G1,Gretchen Whitmer,Tudor M. Dixon,2,CANTOR (analysis of comparable disticts),13.52804,0,.1545999,.1545999,40000,15:23:21 23 Sep 2022
2022,Governor,9/23/22,MI-G1,Gretchen Whitmer,Tudor M. Dixon,1,Polls adjusted for house effects & other factors,12.27753,3.921168,3.921168,3.921168,40000,15:23:21 23 Sep 2022
2022,Governor,9/23/22,ME-G1,Janet T. Mills,Paul R. LePage,4,Expert ratings adjusted for national environment,6.867104,0,0,1.81251,40000,15:23:21 23 Sep 2022
2022,Governor,9/23/22,ME-G1,Janet T. Mills,Paul R. LePage,3,Fundamentals (non-polling factors),11.93877,0,1.284435,1.284435,40000,15:23:21 23 Sep 2022
2022,Governor,9/23/22,ME-G1,Janet T. Mills,Paul R. LePage,2,CANTOR (analysis of comparable disticts),14.75448,0,.1545999,.1545999,40000,15:23:21 23 Sep 2022
2022,Governor,9/23/22,ME-G1,Janet T. Mills,Paul R. LePage,1,Polls adjusted for house effects & other factors,10.01437,2.195006,2.195006,2.195006,40000,15:23:21 23 Sep 2022
2022,Governor,9/23/22,MD-G1,Wes Moore,Dan Cox,4,Expert ratings adjusted for national environment,19.56824,0,0,1.382779,40000,15:23:21 23 Sep 2022
2022,Governor,9/23/22,MD-G1,Wes Moore,Dan Cox,3,Fundamentals (non-polling factors),21.0533,0,1.284435,1.284435,40000,15:23:21 23 Sep 2022
2022,Governor,9/23/22,MD-G1,Wes Moore,Dan Cox,2,CANTOR (analysis of comparable disticts),9.406296,.6665951,.1545999,.1545999,40000,15:23:21 23 Sep 2022
2022,Governor,9/23/22,MD-G1,Wes Moore,Dan Cox,1,Polls adjusted for house effects & other factors,22.11572,1.333405,1.333405,1.333405,40000,15:23:21 23 Sep 2022
2022,Governor,9/23/22,MA-G1,Maura Healey,Geoff Diehl,4,Expert ratings adjusted for national environment,20.38766,0,0,1.877562,40000,15:23:21 23 Sep 2022
2022,Governor,9/23/22,MA-G1,Maura Healey,Geoff Diehl,3,Fundamentals (non-polling factors),26.87519,0,1.284435,1.284435,40000,15:23:21 23 Sep 2022
2022,Governor,9/23/22,MA-G1,Maura Healey,Geoff Diehl,2,CANTOR (analysis of comparable disticts),11.20185,0,.1545999,.1545999,40000,15:23:21 23 Sep 2022
2022,Governor,9/23/22,MA-G1,Maura Healey,Geoff Diehl,1,Polls adjusted for house effects & other factors,21.72837,2.325433,2.325433,2.325433,40000,15:23:21 23 Sep 2022
2022,Governor,9/23/22,KS-G1,Laura Kelly,Derek Schmidt,4,Expert ratings adjusted for national environment,.1502501,0,0,1.85406,40000,15:23:21 23 Sep 2022
2022,Governor,9/23/22,KS-G1,Laura Kelly,Derek Schmidt,3,Fundamentals (non-polling factors),3.288198,0,1.284435,1.284435,40000,15:23:21 23 Sep 2022
2022,Governor,9/23/22,KS-G1,Laura Kelly,Derek Schmidt,2,CANTOR (analysis of comparable disticts),6.83825,0,.1545999,.1545999,40000,15:23:21 23 Sep 2022
2022,Governor,9/23/22,KS-G1,Laura Kelly,Derek Schmidt,1,Polls adjusted for house effects & other factors,5.303566,2.278311,2.278311,2.278311,40000,15:23:21 23 Sep 2022
2022,Governor,9/23/22,IL-G1,J.B. Pritzker,Darren Bailey,4,Expert ratings adjusted for national environment,19.16443,0,0,1.877981,40000,15:23:21 23 Sep 2022
2022,Governor,9/23/22,IL-G1,J.B. Pritzker,Darren Bailey,3,Fundamentals (non-polling factors),20.79228,0,1.284435,1.284435,40000,15:23:21 23 Sep 2022
2022,Governor,9/23/22,IL-G1,J.B. Pritzker,Darren Bailey,2,CANTOR (analysis of comparable disticts),16.59227,0,.1545999,.1545999,40000,15:23:21 23 Sep 2022
2022,Governor,9/23/22,IL-G1,J.B. Pritzker,Darren Bailey,1,Polls adjusted for house effects & other factors,13.12493,2.326273,2.326273,2.326273,40000,15:23:21 23 Sep 2022
2022,Governor,9/23/22,ID-G1,Stephen Heidt,Brad Little,4,Expert ratings adjusted for national environment,-33.46051,0,0,.7177314,40000,15:23:21 23 Sep 2022
2022,Governor,9/23/22,ID-G1,Stephen Heidt,Brad Little,3,Fundamentals (non-polling factors),-33.67302,0,1.284435,1.284435,40000,15:23:21 23 Sep 2022
2022,Governor,9/23/22,ID-G1,Stephen Heidt,Brad Little,2,CANTOR (analysis of comparable disticts),-32.40157,.8358126,.1545999,.1545999,40000,15:23:21 23 Sep 2022
2022,Governor,9/23/22,ID-G1,Stephen Heidt,Brad Little,1,Polls adjusted for house effects & other factors,,0,0,0,40000,15:23:21 23 Sep 2022
2022,Governor,9/23/22,IA-G1,Deidre DeJear,Kim Reynolds,4,Expert ratings adjusted for national environment,-22.17914,0,0,1.652874,40000,15:23:21 23 Sep 2022
2022,Governor,9/23/22,IA-G1,Deidre DeJear,Kim Reynolds,3,Fundamentals (non-polling factors),-24.16493,0,1.284435,1.284435,40000,15:23:21 23 Sep 2022
2022,Governor,9/23/22,IA-G1,Deidre DeJear,Kim Reynolds,2,CANTOR (analysis of comparable disticts),-10.62048,.1250615,.1545999,.1545999,40000,15:23:21 23 Sep 2022
2022,Governor,9/23/22,IA-G1,Deidre DeJear,Kim Reynolds,1,Polls adjusted for house effects & other factors,-12.15445,1.874938,1.874938,1.874938,40000,15:23:21 23 Sep 2022
2022,Governor,9/23/22,HI-G1,Josh Green,Duke Aiona,4,Expert ratings adjusted for national environment,27.45278,0,0,.7177314,40000,15:23:21 23 Sep 2022
2022,Governor,9/23/22,HI-G1,Josh Green,Duke Aiona,3,Fundamentals (non-polling factors),28.04477,0,1.284435,1.284435,40000,15:23:21 23 Sep 2022
2022,Governor,9/23/22,HI-G1,Josh Green,Duke Aiona,2,CANTOR (analysis of comparable disticts),16.82552,.8358126,.1545999,.1545999,40000,15:23:21 23 Sep 2022
2022,Governor,9/23/22,HI-G1,Josh Green,Duke Aiona,1,Polls adjusted for house effects & other factors,,0,0,0,40000,15:23:21 23 Sep 2022
2022,Governor,9/23/22,GA-G1,Stacey Abrams,Brian Kemp,4,Expert ratings adjusted for national environment,-5.786848,0,0,6.638613,40000,15:23:21 23 Sep 2022
2022,Governor,9/23/22,GA-G1,Stacey Abrams,Brian Kemp,3,Fundamentals (non-polling factors),-9.389029,0,1.284435,1.284435,40000,15:23:21 23 Sep 2022
2022,Governor,9/23/22,GA-G1,Stacey Abrams,Brian Kemp,2,CANTOR (analysis of comparable disticts),-10.72663,0,.1545999,.1545999,40000,15:23:21 23 Sep 2022
2022,Governor,9/23/22,GA-G1,Stacey Abrams,Brian Kemp,1,Polls adjusted for house effects & other factors,-4.990795,11.87123,11.87123,11.87123,40000,15:23:21 23 Sep 2022
2022,Governor,9/23/22,FL-G1,Charlie Crist,Ron DeSantis,4,Expert ratings adjusted for national environment,-11.92906,0,0,4.834517,40000,15:23:21 23 Sep 2022
2022,Governor,9/23/22,FL-G1,Charlie Crist,Ron DeSantis,3,Fundamentals (non-polling factors),-12.15959,0,1.284435,1.284435,40000,15:23:21 23 Sep 2022
2022,Governor,9/23/22,FL-G1,Charlie Crist,Ron DeSantis,2,CANTOR (analysis of comparable disticts),-10.2557,0,.1545999,.1545999,40000,15:23:21 23 Sep 2022
2022,Governor,9/23/22,FL-G1,Charlie Crist,Ron DeSantis,1,Polls adjusted for house effects & other factors,-6.205765,8.254057,8.254057,8.254057,40000,15:23:21 23 Sep 2022
2022,Governor,9/23/22,CT-G1,Edward Lamont,Robert Stefanowski,4,Expert ratings adjusted for national environment,15.95002,0,0,2.138751,40000,15:23:21 23 Sep 2022
2022,Governor,9/23/22,CT-G1,Edward Lamont,Robert Stefanowski,3,Fundamentals (non-polling factors),10.65726,0,1.284435,1.284435,40000,15:23:21 23 Sep 2022
2022,Governor,9/23/22,CT-G1,Edward Lamont,Robert Stefanowski,2,CANTOR (analysis of comparable disticts),16.16528,0,.1545999,.1545999,40000,15:23:21 23 Sep 2022
2022,Governor,9/23/22,CT-G1,Edward Lamont,Robert Stefanowski,1,Polls adjusted for house effects & other factors,14.83088,2.849111,2.849111,2.849111,40000,15:23:21 23 Sep 2022
2022,Governor,9/23/22,CO-G1,Jared Polis,Heidi Ganahl,4,Expert ratings adjusted for national environment,19.65867,0,0,1.928643,40000,15:23:21 23 Sep 2022
2022,Governor,9/23/22,CO-G1,Jared Polis,Heidi Ganahl,3,Fundamentals (non-polling factors),13.51299,0,1.284435,1.284435,40000,15:23:21 23 Sep 2022
2022,Governor,9/23/22,CO-G1,Jared Polis,Heidi Ganahl,2,CANTOR (analysis of comparable disticts),13.2774,0,.1545999,.1545999,40000,15:23:21 23 Sep 2022
2022,Governor,9/23/22,CO-G1,Jared Polis,Heidi Ganahl,1,Polls adjusted for house effects & other factors,13.78244,2.42785,2.42785,2.42785,40000,15:23:21 23 Sep 2022
2022,Governor,9/23/22,CA-G1,Gavin Newsom,Brian Dahle,4,Expert ratings adjusted for national environment,27.12369,0,0,1.935122,40000,15:23:21 23 Sep 2022
2022,Governor,9/23/22,CA-G1,Gavin Newsom,Brian Dahle,3,Fundamentals (non-polling factors),27.45944,0,1.342794,1.342794,40000,15:23:21 23 Sep 2022
2022,Governor,9/23/22,CA-G1,Gavin Newsom,Brian Dahle,2,CANTOR (analysis of comparable disticts),18.16126,0,.0962403,.0962403,40000,15:23:21 23 Sep 2022
2022,Governor,9/23/22,CA-G1,Gavin Newsom,Brian Dahle,1,Polls adjusted for house effects & other factors,26.23834,2.44084,2.44084,2.44084,40000,15:23:21 23 Sep 2022
2022,Governor,9/23/22,AZ-G1,Katie Hobbs,Kari Lake,4,Expert ratings adjusted for national environment,.1502501,0,0,4.485285,40000,15:23:21 23 Sep 2022
2022,Governor,9/23/22,AZ-G1,Katie Hobbs,Kari Lake,3,Fundamentals (non-polling factors),1.45334,0,1.284435,1.284435,40000,15:23:21 23 Sep 2022
2022,Governor,9/23/22,AZ-G1,Katie Hobbs,Kari Lake,2,CANTOR (analysis of comparable disticts),-.7444516,0,.1545999,.1545999,40000,15:23:21 23 Sep 2022
2022,Governor,9/23/22,AZ-G1,Katie Hobbs,Kari Lake,1,Polls adjusted for house effects & other factors,1.935669,7.553856,7.553856,7.553856,40000,15:23:21 23 Sep 2022
2022,Governor,9/23/22,AR-G1,Chris Jones,Sarah Huckabee Sanders,4,Expert ratings adjusted for national environment,-22.28088,0,0,1.900213,40000,15:23:21 23 Sep 2022
2022,Governor,9/23/22,AR-G1,Chris Jones,Sarah Huckabee Sanders,3,Fundamentals (non-polling factors),-24.39236,0,1.284435,1.284435,40000,15:23:21 23 Sep 2022
2022,Governor,9/23/22,AR-G1,Chris Jones,Sarah Huckabee Sanders,2,CANTOR (analysis of comparable disticts),-7.272689,0,.1545999,.1545999,40000,15:23:21 23 Sep 2022
2022,Governor,9/23/22,AR-G1,Chris Jones,Sarah Huckabee Sanders,1,Polls adjusted for house effects & other factors,-16.84262,2.370848,2.370848,2.370848,40000,15:23:21 23 Sep 2022
2022,Governor,9/23/22,AL-G1,Yolanda Rochelle Flowers,Kay Ivey,4,Expert ratings adjusted for national environment,-30.48548,0,0,.7177314,40000,15:23:21 23 Sep 2022
2022,Governor,9/23/22,AL-G1,Yolanda Rochelle Flowers,Kay Ivey,3,Fundamentals (non-polling factors),-30.73496,0,1.284435,1.284435,40000,15:23:21 23 Sep 2022
2022,Governor,9/23/22,AL-G1,Yolanda Rochelle Flowers,Kay Ivey,2,CANTOR (analysis of comparable disticts),-28.2027,.8358126,.1545999,.1545999,40000,15:23:21 23 Sep 2022
2022,Governor,9/23/22,AL-G1,Yolanda Rochelle Flowers,Kay Ivey,1,Polls adjusted for house effects & other factors,,0,0,0,40000,15:23:21 23 Sep 2022
2022,Governor,9/23/22,AK-G1,"","",4,Expert ratings adjusted for national environment,-15.36334,0,0,1.345357,40000,15:23:21 23 Sep 2022
2022,Governor,9/23/22,AK-G1,"","",3,Fundamentals (non-polling factors),-11.90896,0,1.284435,1.284435,40000,15:23:21 23 Sep 2022
2022,Governor,9/23/22,AK-G1,"","",2,CANTOR (analysis of comparable disticts),-13.86184,.7416257,.1545999,.1545999,40000,15:23:21 23 Sep 2022
2022,Governor,9/23/22,AK-G1,"","",1,Polls adjusted for house effects & other factors,-19.46797,1.258374,1.258374,1.258374,40000,15:23:21 23 Sep 2022
